Year,Month,Day,Hour,Minute,EMASignal,isPivot,CHOCH_pattern_detected,fibonacci_signal,SL,TP,MinSwing,MaxSwing,LBD_detected,LBH_detected,SR_signal,isBreakOut,candlestick_signal,result,signal1,buy_signal,Position,sell_signal,fractal_high,fractal_low,buy_signal1,sell_signal1,fractals_high,fractals_low,VSignal,PriceSignal,TotSignal,SLSignal,grid_signal,ordersignal,SLSignal_heiken,EMASignal1,long_signal,martiangle_signal,Candle_direction
2024,2,21,9,30,0,0,0,0,0,0,0,0,0,0,0,0,0,0,0,0,1.0,1,0,0,1,0,0,0,0,0,0,0,0,0,0.0,0,0,2,1
2024,2,21,9,35,0,0,0,0,0,0,0,0,0,0,0,0,0,0,0,0,1.0,1,0,0,1,0,0,0,0,0,0,0,0,0,0.0,0,0,1,0
2024,2,21,9,40,0,0,0,0,0,0,0,0,0,0,0,0,0,0,0,0,1.0,0,0,0,1,0,0,0,1,0,0,0,0,0,0.0,0,0,2,1
2024,2,21,9,45,0,0,0,0,0,0,0,0,0,0,0,0,0,0,0,0,1.0,1,1,0,1,0,1,0,1,0,0,0,0,2,182.05999755859375,0,0,2,0
2024,2,21,9,50,0,0,0,0,0,0,0,0,0,0,0,0,0,0,0,0,1.0,0,0,0,1,0,0,0,1,0,0,0,0,2,182.30999755859375,0,0,2,1
2024,2,21,9,55,0,0,0,0,0,0,0,0,0,0,0,0,0,0,0,0,1.0,0,0,0,1,0,0,0,0,0,0,0,0,0,0.0,0,0,1,0
2024,2,21,10,0,0,0,0,0,0,0,0,0,0,0,0,0,2,2,2,0,1.0,0,0,1,1,0,0,1,1,0,0,0,0,0,0.0,0,0,1,1
2024,2,21,10,5,0,0,0,0,0,0,0,0,0,0,0,0,0,0,0,0,1.0,0,0,0,1,0,0,0,1,0,0,0,0,0,0.0,0,0,2,1
2024,2,21,10,10,0,0,0,0,0,0,0,0,0,0,0,0,0,0,0,0,1.0,0,0,0,1,0,0,0,0,0,0,0,0,0,0.0,0,0,2,0
2024,2,21,10,15,0,1,0,0,0,0,0,0,0,0,0,0,0,0,0,0,1.0,0,1,0,1,0,1,0,0,0,0,0,0,0,0.0,0,0,2,1
2024,2,21,10,20,0,0,0,0,0,0,0,0,0,0,0,0,0,0,0,0,1.0,0,0,0,1,0,0,0,0,0,0,0,0,0,0.0,0,0,2,0
2024,2,21,10,25,0,0,0,0,0,0,0,0,0,0,0,0,0,0,0,0,1.0,0,0,0,1,0,0,0,1,0,0,0,0,0,0.0,0,0,1,0
2024,2,21,10,30,0,0,0,0,0,0,0,0,0,0,0,0,0,0,0,0,1.0,1,0,0,1,0,0,0,1,0,0,0,0,0,0.0,0,0,2,0
2024,2,21,10,35,0,0,0,0,0,0,0,0,0,0,0,0,0,0,0,0,1.0,0,0,0,1,0,0,0,0,0,0,0,0,0,0.0,0,0,2,1
2024,2,21,10,40,0,0,0,0,0,0,0,0,0,0,0,0,0,0,0,0,1.0,1,0,0,1,0,0,0,1,0,0,0,0,0,0.0,0,0,1,0
2024,2,21,10,45,0,0,0,0,0,0,0,0,0,0,0,1,0,0,0,0,1.0,1,0,0,1,0,0,0,1,0,0,0,0,0,0.0,0,0,2,1
2024,2,21,10,50,0,0,0,0,0,0,0,0,0,0,0,0,0,1,1,0,1.0,1,0,0,1,0,0,0,0,0,0,0,0,0,0.0,0,0,1,0
2024,2,21,10,55,0,0,0,0,0,0,0,0,0,0,0,0,0,0,0,0,1.0,1,0,0,1,0,0,0,1,0,0,0,0,0,0.0,0,0,1,0
2024,2,21,11,0,0,2,0,0,0,0,0,0,0,0,0,0,0,0,0,0,1.0,1,0,1,1,0,0,1,1,0,0,0,0,0,0.0,0,0,1,1
2024,2,21,11,5,0,0,0,0,0,0,0,0,0,0,0,0,0,0,0,0,1.0,1,0,0,1,0,0,0,1,0,0,0,0,0,0.0,0,0,1,1
2024,2,21,11,10,0,1,0,0,0,0,0,0,0,0,0,0,0,0,0,0,1.0,0,1,0,1,0,1,0,0,0,0,0,0,0,0.0,0,0,2,1
2024,2,21,11,15,0,0,0,0,0,0,0,0,0,0,0,0,0,0,0,0,1.0,1,0,0,1,0,0,0,0,0,0,0,0,0,0.0,0,0,1,0
2024,2,21,11,20,0,0,0,0,0,0,0,0,0,0,0,1,0,0,0,0,1.0,1,0,0,1,0,0,0,0,0,0,0,0,0,0.0,0,0,1,0
2024,2,21,11,25,0,0,0,0,0,0,0,0,0,0,0,1,0,0,0,0,1.0,1,0,0,1,0,0,0,1,0,0,0,0,0,0.0,0,0,2,0
2024,2,21,11,30,0,2,0,0,0,0,0,0,0,0,0,0,0,0,0,0,1.0,1,0,1,1,0,0,1,1,0,0,0,0,0,0.0,0,0,1,0
2024,2,21,11,35,0,0,0,0,0,0,0,0,0,0,0,0,0,0,0,0,1.0,1,0,0,1,0,0,0,1,0,0,0,0,0,0.0,0,0,2,1
2024,2,21,11,40,0,0,0,0,0,0,0,0,0,0,0,0,0,0,0,0,1.0,1,0,0,1,0,0,0,1,0,0,0,0,0,0.0,0,0,2,1
2024,2,21,11,45,0,0,0,0,0,0,0,0,0,0,0,0,0,0,0,0,1.0,1,0,0,1,0,0,0,1,0,0,0,0,0,0.0,0,0,2,1
2024,2,21,11,50,0,0,0,0,0,0,0,0,0,0,0,0,0,0,0,0,1.0,1,0,0,1,0,0,0,1,0,0,0,0,0,0.0,0,0,1,1
2024,2,21,11,55,0,1,0,0,0,0,0,0,0,0,0,0,0,1,1,0,1.0,1,1,0,1,0,1,0,0,0,0,0,0,0,0.0,0,0,2,0
2024,2,21,12,0,0,0,0,0,0,0,0,0,0,0,0,0,0,0,0,0,1.0,1,0,0,1,0,0,0,1,0,0,0,0,0,0.0,0,0,2,0
2024,2,21,12,5,0,0,0,0,0,0,0,0,0,0,0,0,0,0,0,0,1.0,1,0,0,1,0,0,0,1,0,0,0,0,0,0.0,0,0,1,0
2024,2,21,12,10,0,0,0,0,0,0,0,0,0,0,0,0,0,0,0,0,1.0,1,0,1,1,0,0,1,1,0,0,0,0,0,0.0,0,0,2,1
2024,2,21,12,15,0,0,0,0,0,0,0,0,0,0,0,0,0,0,0,0,1.0,1,0,0,1,0,0,0,0,0,0,0,0,0,0.0,0,0,2,1
2024,2,21,12,20,0,0,0,0,0,0,0,0,0,0,0,0,0,1,1,0,1.0,1,1,0,1,0,1,0,0,0,0,0,0,0,0.0,0,0,1,0
2024,2,21,12,25,0,0,0,0,0,0,0,0,0,0,0,0,0,0,0,0,1.0,1,0,0,1,0,0,0,1,0,0,0,0,0,0.0,0,0,1,0
2024,2,21,12,30,0,0,0,0,0,0,0,0,0,0,0,0,0,0,0,0,1.0,1,0,0,1,0,0,0,1,0,0,0,0,0,0.0,0,0,2,0
2024,2,21,12,35,0,0,0,0,0,0,0,0,0,0,0,0,0,0,0,0,1.0,1,0,0,1,0,0,0,1,0,0,0,0,0,0.0,0,0,1,1
2024,2,21,12,40,0,0,0,0,0,0,0,0,0,0,0,0,0,0,1,0,1.0,1,0,1,1,0,0,1,1,0,0,0,0,0,0.0,0,0,1,0
2024,2,21,12,45,0,0,0,0,0,0,0,0,0,0,0,0,0,0,0,0,1.0,1,0,0,1,0,0,0,1,0,0,0,0,0,0.0,0,0,2,1
2024,2,21,12,50,0,0,0,0,0,0,0,0,0,0,0,0,0,0,0,0,1.0,1,0,0,1,0,0,0,0,0,0,0,0,0,0.0,0,0,2,1
2024,2,21,12,55,0,0,0,0,0,0,0,0,0,0,0,0,0,0,0,0,1.0,1,1,0,1,0,1,0,0,0,0,0,0,0,0.0,0,0,2,1
2024,2,21,13,0,0,2,0,0,0,0,0,0,0,0,0,0,0,0,0,0,1.0,1,0,1,1,0,0,1,1,0,0,0,0,0,0.0,0,0,1,0
2024,2,21,13,5,0,0,0,0,0,0,0,0,0,0,0,0,0,0,0,0,1.0,1,0,0,1,0,0,0,1,0,0,0,0,0,0.0,0,0,1,1
2024,2,21,13,10,0,0,0,0,0,0,0,0,0,0,0,0,0,0,0,0,1.0,1,0,0,1,0,0,0,1,0,0,0,0,0,0.0,0,0,2,1
2024,2,21,13,15,0,1,0,0,0,0,0,0,0,0,0,0,0,0,0,0,1.0,0,1,0,1,0,1,0,1,0,0,0,0,0,0.0,0,0,2,1
2024,2,21,13,20,0,0,0,0,0,0,0,0,0,0,0,0,0,0,0,0,1.0,1,0,0,1,0,0,0,0,0,0,0,0,0,0.0,0,0,1,0
2024,2,21,13,25,0,0,0,0,0,0,0,0,0,0,0,0,0,0,0,0,1.0,1,0,0,1,0,0,0,1,0,0,0,0,0,0.0,0,0,2,0
2024,2,21,13,30,0,0,0,0,0,0,0,0,0,0,0,0,0,0,0,0,1.0,1,0,0,1,0,0,0,1,0,0,0,0,0,0.0,0,0,2,1
2024,2,21,13,35,0,0,0,0,0,0,0,0,0,0,0,0,0,1,1,0,1.0,1,0,0,1,0,0,0,1,0,0,0,0,0,0.0,0,0,1,0
2024,2,21,13,40,0,0,0,0,0,0,0,0,0,0,0,0,0,0,0,0,1.0,1,0,0,1,0,0,0,1,0,0,0,0,0,0.0,0,0,1,0
2024,2,21,13,45,0,0,0,0,0,0,0,0,0,0,0,0,0,0,0,0,1.0,1,0,0,1,0,0,0,1,0,0,0,0,0,0.0,0,0,2,1
2024,2,21,13,50,0,0,0,0,0,0,0,0,0,0,0,0,1,1,1,0,1.0,1,0,0,1,0,0,0,1,0,0,0,0,0,0.0,0,0,1,0
2024,2,21,13,55,0,0,0,0,0,0,0,0,0,0,0,0,0,0,0,0,1.0,1,0,0,1,0,0,0,1,0,0,0,0,0,0.0,0,0,2,0
2024,2,21,14,0,0,0,0,0,0,0,0,0,0,0,0,0,0,0,0,0,1.0,1,0,1,1,0,0,1,1,0,0,0,0,0,0.0,0,0,2,0
2024,2,21,14,5,0,0,0,0,0,0,0,0,0,0,0,0,0,0,0,0,1.0,1,0,0,1,0,0,0,1,0,0,0,0,0,0.0,0,0,2,0
2024,2,21,14,10,0,0,0,0,0,0,0,0,0,0,0,0,0,0,0,0,1.0,1,0,0,1,0,0,0,0,0,0,0,0,0,0.0,0,0,1,0
2024,2,21,14,15,0,0,0,0,0,0,0,0,0,0,0,0,0,0,0,0,1.0,1,0,0,1,0,0,0,1,0,0,0,0,0,0.0,0,0,1,0
2024,2,21,14,20,0,0,0,0,0,0,0,0,0,0,0,0,0,0,0,0,1.0,1,0,0,1,0,0,0,1,0,0,0,0,0,0.0,0,0,2,0
2024,2,21,14,25,0,2,0,0,0,0,0,0,0,0,0,0,0,0,0,0,1.0,1,0,1,1,0,0,1,1,0,0,0,0,0,0.0,0,0,2,1
2024,2,21,14,30,0,0,0,0,0,0,0,0,0,0,0,0,0,0,0,0,1.0,1,0,0,1,0,0,0,1,0,0,0,0,0,0.0,0,0,1,0
2024,2,21,14,35,0,0,0,0,0,0,0,0,0,0,0,0,0,0,0,0,1.0,1,0,0,1,0,0,0,0,0,0,0,0,0,0.0,0,0,1,0
2024,2,21,14,40,0,0,0,0,0,0,0,0,0,0,0,0,0,0,0,0,1.0,1,0,0,1,0,0,0,1,0,0,0,0,0,0.0,0,0,2,0
2024,2,21,14,45,0,0,0,0,0,0,0,0,0,0,0,0,0,0,0,0,1.0,1,0,0,1,0,0,0,1,0,0,0,0,0,0.0,0,0,2,1
2024,2,21,14,50,0,0,0,0,0,0,0,0,0,0,0,0,0,0,0,0,1.0,1,0,0,1,0,0,0,0,0,0,0,0,0,0.0,0,0,2,1
2024,2,21,14,55,0,0,0,0,0,0,0,0,0,0,0,0,0,0,0,0,1.0,1,1,0,1,0,1,0,1,0,0,0,0,0,0.0,0,0,1,1
2024,2,21,15,0,0,0,0,0,0,0,0,0,0,0,0,0,0,0,0,0,1.0,1,0,0,1,0,0,0,1,0,0,0,0,0,0.0,0,0,2,1
2024,2,21,15,5,0,0,0,0,0,0,0,0,0,0,0,0,0,0,0,0,1.0,1,0,0,1,0,0,0,0,0,0,0,0,0,0.0,0,0,2,0
2024,2,21,15,10,0,0,0,0,0,0,0,0,0,0,0,0,0,0,0,0,1.0,1,0,0,1,0,0,0,1,0,0,0,0,0,0.0,0,0,1,1
2024,2,21,15,15,0,0,0,0,0,0,0,0,0,0,0,0,0,0,0,0,1.0,0,0,0,1,0,0,0,1,0,0,0,0,0,0.0,0,0,1,1
2024,2,21,15,20,0,2,0,0,0,0,0,0,0,0,0,0,0,0,0,0,1.0,0,0,1,1,0,0,1,1,0,0,0,0,0,0.0,0,0,2,1
2024,2,21,15,25,0,0,0,0,0,0,0,0,0,0,0,0,0,0,0,0,1.0,0,0,0,1,0,0,0,1,0,0,0,0,0,0.0,0,0,1,1
2024,2,21,15,30,0,0,0,0,0,0,0,0,0,0,0,0,0,0,0,1,1.0,0,0,0,1,0,0,0,1,0,0,0,0,0,0.0,0,0,2,1
2024,2,21,15,35,0,0,0,0,0,0,0,0,0,0,0,0,0,0,0,1,1.0,0,0,0,1,0,0,0,1,0,0,0,0,0,0.0,0,0,2,1
2024,2,21,15,40,0,0,0,0,0,0,0,0,0,0,0,0,0,0,0,1,1.0,0,0,0,1,0,0,0,1,0,0,0,0,0,0.0,0,0,1,1
2024,2,21,15,45,0,0,0,0,0,0,0,0,0,0,0,0,0,0,0,1,1.0,0,0,0,1,0,0,0,1,0,0,0,0,0,0.0,0,0,1,1
2024,2,21,15,50,0,0,0,0,0,0,0,0,0,0,0,0,0,0,0,1,1.0,0,0,0,1,0,0,0,1,0,0,0,0,0,0.0,0,0,2,1
2024,2,21,15,55,0,0,0,0,0,0,0,0,0,0,0,0,0,0,0,1,1.0,0,0,0,1,0,0,0,1,0,0,0,0,0,0.0,0,0,1,1
2024,2,22,9,30,0,1,0,0,0,0,0,0,0,0,0,0,0,0,0,1,1.0,0,1,0,1,0,1,0,1,0,0,0,0,0,0.0,0,0,2,1
2024,2,22,9,35,0,0,0,0,0,0,0,0,0,0,0,0,0,0,0,1,1.0,0,0,0,1,0,0,0,1,0,0,0,0,0,0.0,0,0,1,1
2024,2,22,9,40,0,0,0,0,0,0,0,0,0,0,0,0,0,0,0,1,1.0,0,0,0,1,0,0,0,0,0,0,0,0,0,0.0,0,0,2,1
2024,2,22,9,45,0,0,0,0,0,0,0,0,0,0,0,0,0,0,0,1,1.0,0,0,0,1,0,0,0,0,0,0,0,0,0,0.0,0,0,2,1
2024,2,22,9,50,0,0,0,0,0,0,0,0,0,0,0,0,0,0,1,0,1.0,0,1,0,1,0,1,0,1,0,0,0,0,0,0.0,0,0,1,0
2024,2,22,9,55,0,0,0,0,0,0,0,0,0,0,0,0,0,0,0,0,1.0,0,0,0,1,0,0,0,1,0,0,0,0,0,0.0,0,0,2,1
2024,2,22,10,0,0,0,0,0,0,0,0,0,0,0,0,0,0,0,0,0,1.0,0,0,0,1,0,0,0,1,0,0,0,0,0,0.0,0,0,2,1
2024,2,22,10,5,0,0,0,0,0,0,0,0,0,0,0,2,0,0,0,0,1.0,0,1,0,1,0,1,0,1,0,0,0,0,0,0.0,0,0,2,1
2024,2,22,10,10,0,0,0,0,0,0,0,0,0,0,0,0,0,1,1,0,1.0,0,0,0,1,0,0,0,1,0,0,0,0,0,0.0,0,0,1,0
2024,2,22,10,15,0,0,0,0,0,0,0,0,0,0,0,0,0,0,0,0,1.0,0,0,0,1,0,0,0,1,0,0,0,0,0,0.0,0,0,1,0
2024,2,22,10,20,0,0,0,0,0,0,0,0,0,0,0,0,0,0,0,0,1.0,0,0,0,1,0,0,0,1,0,0,0,0,0,0.0,0,0,2,0
2024,2,22,10,25,0,2,0,0,0,0,0,0,0,0,0,0,0,0,0,0,1.0,0,0,1,1,0,0,1,0,0,0,0,0,0,0.0,0,0,1,1
2024,2,22,10,30,0,0,0,0,0,0,0,0,0,0,0,0,0,0,0,0,1.0,0,0,0,1,0,0,0,0,0,0,0,0,0,0.0,0,0,2,1
2024,2,22,10,35,0,0,0,0,0,0,0,0,0,0,0,0,0,0,0,0,1.0,0,1,0,1,0,1,0,1,0,0,0,0,0,0.0,0,0,1,0
2024,2,22,10,40,0,0,0,0,0,0,0,0,0,0,0,0,0,0,0,0,1.0,0,0,0,1,0,0,0,1,0,0,0,0,0,0.0,0,0,1,1
2024,2,22,10,45,0,0,0,0,0,0,0,0,0,0,0,0,0,0,0,0,1.0,0,0,0,1,0,0,0,0,0,0,0,0,0,0.0,0,0,1,0
2024,2,22,10,50,0,0,0,0,0,0,0,0,0,0,0,0,0,0,0,0,1.0,1,0,0,1,0,0,0,0,0,0,0,0,0,0.0,0,0,1,0
2024,2,22,10,55,0,0,0,0,0,0,0,0,0,0,0,0,0,0,0,0,1.0,1,0,0,1,0,0,0,1,0,0,0,0,0,0.0,0,0,1,1
2024,2,22,11,0,0,0,0,0,0,0,0,0,0,0,0,0,0,1,1,0,1.0,1,0,0,1,0,0,0,1,0,0,0,0,0,0.0,0,0,1,0
2024,2,22,11,5,0,2,0,0,0,0,0,0,0,0,0,0,0,0,0,0,1.0,1,0,1,1,0,0,1,1,0,0,0,0,0,0.0,0,0,2,1
2024,2,22,11,10,0,0,0,0,0,0,0,0,0,0,0,0,0,0,0,0,1.0,1,0,0,1,0,0,0,1,0,0,0,0,2,182.4600067138672,0,0,2,1
2024,2,22,11,15,0,0,0,0,0,0,0,0,0,0,0,0,0,0,0,0,1.0,1,0,0,1,0,0,0,0,0,0,0,0,2,182.63999938964844,0,0,1,0
2024,2,22,11,20,0,0,0,0,0,0,0,0,0,0,0,0,0,0,0,0,1.0,0,0,0,1,0,0,0,1,0,0,0,0,0,0.0,0,0,2,1
2024,2,22,11,25,0,0,0,0,0,0,0,0,0,0,0,0,0,0,0,0,1.0,0,0,0,1,0,0,0,1,0,0,0,0,0,0.0,0,0,2,1
2024,2,22,11,30,0,0,0,0,0,0,0,0,0,0,0,0,0,0,0,0,1.0,0,0,0,1,0,0,0,1,0,0,0,0,0,0.0,0,0,2,1
2024,2,22,11,35,0,1,0,0,0,0,0,0,0,0,0,0,0,1,1,0,1.0,0,1,0,1,0,1,0,0,0,0,0,0,0,0.0,0,0,2,0
2024,2,22,11,40,0,0,0,0,0,0,0,0,0,0,0,0,0,0,0,0,1.0,0,0,0,1,0,0,0,0,0,0,0,0,0,0.0,0,0,2,1
2024,2,22,11,45,0,0,0,0,0,0,0,0,0,0,0,0,0,0,0,0,1.0,0,0,1,1,0,0,1,1,0,0,0,0,0,0.0,0,0,1,0
2024,2,22,11,50,0,0,0,0,0,0,0,0,0,0,0,0,0,0,0,0,1.0,0,1,0,1,0,1,0,1,0,0,0,0,0,0.0,0,0,2,1
2024,2,22,11,55,0,0,0,0,0,0,0,0,0,0,0,0,0,1,1,0,1.0,1,0,0,1,0,0,0,1,0,0,0,0,0,0.0,0,0,2,0
2024,2,22,12,0,0,2,0,0,0,0,0,0,0,0,0,0,0,0,0,0,1.0,1,0,1,1,0,0,1,1,0,0,0,0,0,0.0,0,0,1,0
2024,2,22,12,5,0,0,0,0,0,0,0,0,0,0,0,0,0,0,0,0,1.0,1,0,0,1,0,0,0,1,0,0,0,0,0,0.0,0,0,1,1
2024,2,22,12,10,0,0,0,0,0,0,0,0,0,0,0,0,0,0,0,0,1.0,1,0,0,1,0,0,0,0,0,0,0,0,0,0.0,0,0,2,0
2024,2,22,12,15,0,2,0,0,0,0,0,0,0,0,0,0,0,0,0,0,1.0,1,0,1,1,0,0,1,1,0,0,0,0,0,0.0,0,0,2,1
2024,2,22,12,20,0,0,0,0,0,0,0,0,0,0,0,0,0,0,0,0,1.0,0,0,0,1,0,0,0,1,0,0,0,0,2,182.74000549316406,0,0,1,1
2024,2,22,12,25,0,0,0,0,0,0,0,0,0,0,0,0,0,0,0,0,1.0,0,0,0,1,0,0,0,1,0,0,0,0,2,182.8249969482422,0,0,2,1
2024,2,22,12,30,0,0,0,0,0,0,0,0,0,0,0,0,0,0,0,0,1.0,0,1,0,1,0,1,0,1,0,0,0,0,0,0.0,0,0,2,1
2024,2,22,12,35,0,0,0,0,0,0,0,0,0,0,0,0,0,0,0,0,1.0,0,0,0,1,0,0,0,1,0,0,0,0,0,0.0,0,0,1,0
2024,2,22,12,40,0,0,0,0,0,0,0,0,0,0,0,0,0,0,0,0,1.0,0,0,1,1,0,0,1,1,0,0,0,0,0,0.0,0,0,2,1
2024,2,22,12,45,0,0,0,0,0,0,0,0,0,0,0,2,0,0,0,1,1.0,0,0,0,1,0,0,0,1,0,0,0,0,0,0.0,0,0,1,1
2024,2,22,12,50,0,0,0,0,0,0,0,0,0,0,0,0,0,0,0,1,1.0,0,0,0,1,0,0,0,1,0,0,0,0,0,0.0,0,0,1,1
2024,2,22,12,55,0,0,0,0,0,0,0,0,0,0,0,0,0,0,0,1,1.0,0,0,0,1,0,0,0,0,0,0,0,0,0,0.0,0,0,2,1
2024,2,22,13,0,0,0,0,0,0,0,0,0,0,0,0,0,0,0,0,1,1.0,0,0,0,1,0,0,0,1,0,0,0,0,0,0.0,0,0,1,1
2024,2,22,13,5,0,0,0,0,0,0,0,0,0,0,0,0,0,0,0,1,1.0,0,0,0,1,0,0,0,1,0,0,0,0,0,0.0,0,0,1,1
2024,2,22,13,10,0,0,0,0,0,0,0,0,0,0,0,0,0,0,0,1,1.0,0,0,0,1,0,0,0,1,0,0,0,0,0,0.0,0,0,2,1
2024,2,22,13,15,0,0,0,0,0,0,0,0,0,0,0,0,0,0,0,1,1.0,0,0,0,1,0,0,0,1,0,0,0,0,0,0.0,0,0,2,1
2024,2,22,13,20,0,0,0,0,0,0,0,0,0,0,0,0,0,0,0,0,1.0,0,0,0,1,0,0,0,0,0,0,0,0,0,0.0,0,0,2,0
2024,2,22,13,25,0,0,0,0,0,0,0,0,0,0,0,0,0,0,0,0,1.0,0,0,0,1,0,0,0,0,0,0,0,0,0,0.0,0,0,2,1
2024,2,22,13,30,0,0,0,0,0,0,0,0,0,0,0,0,0,0,0,0,1.0,0,0,0,1,0,0,0,1,0,0,0,0,0,0.0,0,0,1,1
2024,2,22,13,35,0,0,0,0,0,0,0,0,0,0,0,0,0,1,1,0,1.0,0,0,0,1,0,0,0,1,0,0,0,0,0,0.0,0,0,2,0
2024,2,22,13,40,0,0,0,0,0,0,0,0,0,0,0,0,0,0,0,0,1.0,0,0,1,1,0,0,1,1,0,0,0,0,0,0.0,0,0,1,1
2024,2,22,13,45,0,0,0,0,0,0,0,0,0,0,0,0,0,0,0,0,1.0,0,1,0,1,0,1,0,1,0,0,0,0,0,0.0,0,0,1,1
2024,2,22,13,50,0,0,0,0,0,0,0,0,0,0,0,0,0,0,0,0,1.0,0,0,0,1,0,0,0,1,0,0,0,0,0,0.0,0,0,2,1
2024,2,22,13,55,0,0,0,0,0,0,0,0,0,0,0,0,0,0,0,0,1.0,0,0,0,1,0,0,0,0,0,0,0,0,0,0.0,0,0,2,0
2024,2,22,14,0,0,0,0,0,0,0,0,0,0,0,0,0,0,0,0,0,1.0,0,0,0,1,0,0,0,1,0,0,0,0,0,0.0,0,0,1,1
2024,2,22,14,5,0,0,0,0,0,0,0,0,0,0,0,0,0,0,0,0,1.0,0,0,0,1,0,0,0,1,0,0,0,0,0,0.0,0,0,1,0
2024,2,22,14,10,0,0,0,0,0,0,0,0,0,0,0,0,0,0,0,0,1.0,0,0,0,1,0,0,0,1,0,0,0,0,0,0.0,0,0,2,1
2024,2,22,14,15,0,0,0,0,0,0,0,0,0,0,0,0,0,0,0,0,1.0,0,0,0,1,0,0,0,1,0,0,0,0,0,0.0,0,0,1,0
2024,2,22,14,20,0,0,0,0,0,0,0,0,0,0,0,0,0,2,2,1,1.0,0,0,0,1,0,0,0,0,0,0,0,0,0,0.0,0,0,2,1
2024,2,22,14,25,0,0,0,0,0,0,0,0,0,0,0,0,0,0,0,1,1.0,0,0,0,1,0,0,0,1,0,0,0,0,0,0.0,0,0,1,1
2024,2,22,14,30,0,1,0,0,0,0,0,0,0,0,0,0,0,1,1,0,1.0,0,1,0,1,0,1,0,1,0,0,0,0,0,0.0,0,0,2,0
2024,2,22,14,35,0,0,0,0,0,0,0,0,0,0,0,0,0,0,0,0,1.0,0,0,0,1,0,0,0,1,0,0,0,0,0,0.0,0,0,1,0
2024,2,22,14,40,0,0,0,0,0,0,0,0,0,0,0,0,0,0,2,0,1.0,0,0,1,1,0,0,1,1,0,0,0,0,0,0.0,0,0,1,1
2024,2,22,14,45,0,0,0,0,0,0,0,0,0,0,0,0,0,0,0,0,1.0,0,1,0,1,0,1,0,1,0,0,0,0,0,0.0,0,0,1,0
2024,2,22,14,50,0,0,0,0,0,0,0,0,0,0,0,0,0,0,0,0,1.0,0,0,0,1,0,0,0,0,0,0,0,0,0,0.0,0,0,2,0
2024,2,22,14,55,0,2,0,0,0,0,0,0,0,0,0,0,0,0,0,0,1.0,0,0,1,1,0,0,1,1,0,0,0,0,0,0.0,0,0,1,0
2024,2,22,15,0,0,0,0,0,0,0,0,0,0,0,0,0,0,0,0,0,1.0,0,0,0,1,0,0,0,1,0,0,0,0,0,0.0,0,0,1,1
2024,2,22,15,5,0,0,0,0,0,0,0,0,0,0,0,0,0,0,0,0,1.0,0,0,0,1,0,0,0,1,0,0,0,0,0,0.0,0,0,2,1
2024,2,22,15,10,0,0,0,0,0,0,0,0,0,0,0,0,0,0,0,0,1.0,0,0,0,1,0,0,0,1,0,0,0,0,0,0.0,0,0,2,1
2024,2,22,15,15,0,0,0,0,0,0,0,0,0,0,0,0,0,0,0,0,1.0,0,0,0,1,0,0,0,1,0,0,0,0,0,0.0,0,0,2,1
2024,2,22,15,20,0,1,0,0,0,0,0,0,0,0,0,0,0,1,1,0,1.0,0,1,0,1,0,1,0,1,0,0,0,0,0,0.0,0,0,1,0
2024,2,22,15,25,0,0,0,0,0,0,0,0,0,0,0,0,0,0,0,0,1.0,1,0,0,1,0,0,0,1,0,0,0,0,0,0.0,0,0,2,0
2024,2,22,15,30,0,0,0,0,0,0,0,0,0,0,0,0,0,0,0,0,1.0,1,0,1,1,0,0,1,1,0,0,0,0,0,0.0,0,0,2,0
2024,2,22,15,35,0,0,0,0,0,0,0,0,0,0,0,0,0,0,0,0,1.0,1,0,0,1,0,0,0,1,0,0,0,0,0,0.0,0,0,2,1
2024,2,22,15,40,0,0,0,0,0,0,0,0,0,0,0,0,0,1,1,0,1.0,1,0,0,1,0,0,0,1,0,0,0,0,0,0.0,0,0,2,0
2024,2,22,15,45,0,0,0,0,0,0,0,0,0,0,0,0,0,0,0,0,1.0,1,0,0,1,0,0,0,1,0,0,0,0,0,0.0,0,0,1,0
2024,2,22,15,50,0,0,0,0,0,0,0,0,0,0,0,0,0,0,0,0,1.0,1,0,1,1,0,0,1,1,0,0,0,0,0,0.0,0,0,2,0
2024,2,22,15,55,0,0,0,0,0,0,0,0,0,0,0,0,0,2,2,0,1.0,1,0,0,1,0,0,0,1,0,0,0,0,0,0.0,0,0,1,1
2024,2,23,9,30,0,1,0,0,0,0,0,0,0,0,0,0,0,0,0,0,1.0,0,1,0,1,0,1,0,1,0,0,0,0,2,184.22999572753906,0,0,2,1
2024,2,23,9,35,0,0,0,0,0,0,0,0,0,0,0,0,0,0,0,0,1.0,1,0,0,1,0,0,0,0,0,0,0,0,0,0.0,0,0,2,0
2024,2,23,9,40,0,0,0,0,0,0,0,0,0,0,0,0,0,0,0,0,1.0,1,0,0,1,0,0,0,1,0,0,0,0,0,0.0,0,0,2,0
2024,2,23,9,45,0,0,0,0,0,0,0,0,0,0,0,0,0,0,0,0,1.0,1,0,0,1,0,0,0,1,0,0,0,0,0,0.0,0,0,1,0
2024,2,23,9,50,0,0,0,0,0,0,0,0,0,0,0,0,0,0,2,0,1.0,1,0,0,1,0,0,0,0,0,0,0,0,0,0.0,0,0,1,1
2024,2,23,9,55,0,0,0,0,0,0,0,0,0,0,0,0,0,1,1,0,1.0,1,0,0,1,0,0,0,0,0,0,0,0,0,0.0,0,0,2,0
2024,2,23,10,0,0,0,0,0,0,0,0,0,0,0,0,0,0,0,0,0,1.0,1,0,0,1,0,0,0,0,0,0,0,0,0,0.0,0,0,2,1
2024,2,23,10,5,0,0,0,0,0,0,0,0,0,0,0,0,0,0,0,0,1.0,1,0,0,1,0,0,0,0,0,0,0,0,0,0.0,0,0,1,0
2024,2,23,10,10,0,0,0,0,0,0,0,0,0,0,0,0,0,0,0,0,1.0,1,0,0,1,0,0,0,1,0,0,0,0,0,0.0,0,0,1,1
2024,2,23,10,15,0,0,0,0,0,0,0,0,0,0,0,0,0,1,1,0,1.0,1,0,0,1,0,0,0,1,0,0,0,0,0,0.0,0,0,2,0
2024,2,23,10,20,0,0,0,0,0,0,0,0,0,0,0,0,0,0,0,0,1.0,1,0,0,1,0,0,0,1,0,0,0,0,0,0.0,0,0,1,1
2024,2,23,10,25,0,0,0,0,0,0,0,0,0,0,0,0,0,0,0,0,1.0,1,0,0,1,0,0,0,1,0,0,0,0,0,0.0,0,0,1,0
2024,2,23,10,30,0,2,0,0,0,0,0,0,0,0,0,0,0,0,0,0,1.0,1,0,1,1,0,0,1,1,0,0,0,0,0,0.0,0,0,1,1
2024,2,23,10,35,0,0,0,0,0,0,0,0,0,0,0,2,0,0,0,0,1.0,1,0,0,1,0,0,0,1,0,0,0,0,0,0.0,0,0,1,1
2024,2,23,10,40,0,0,0,0,0,0,0,0,0,0,0,0,0,1,1,0,1.0,1,0,0,1,0,0,0,1,0,0,0,0,0,0.0,0,0,2,0
2024,2,23,10,45,0,0,0,0,0,0,0,0,0,0,0,0,0,0,0,0,1.0,1,0,1,1,0,0,1,1,0,0,0,0,0,0.0,0,0,2,0
2024,2,23,10,50,0,0,0,0,0,0,0,0,0,0,0,0,0,0,0,0,1.0,1,0,0,1,0,0,0,1,0,0,0,0,0,0.0,0,0,2,1
2024,2,23,10,55,0,0,0,0,0,0,0,0,0,0,0,0,0,0,0,0,1.0,1,1,0,1,0,1,0,1,0,0,0,0,0,0.0,0,0,1,1
2024,2,23,11,0,0,0,0,0,0,0,0,0,0,0,0,0,0,1,1,0,1.0,1,0,0,1,0,0,0,1,0,0,0,0,0,0.0,0,0,1,0
2024,2,23,11,5,0,0,0,0,0,0,0,0,0,0,0,0,0,0,0,0,1.0,1,0,0,1,0,0,0,1,0,0,0,0,0,0.0,0,0,2,1
2024,2,23,11,10,0,2,0,0,0,0,0,0,0,0,0,0,0,0,0,0,1.0,1,0,1,1,0,0,1,0,0,0,0,0,0,0.0,0,0,2,1
2024,2,23,11,15,0,0,0,0,0,0,0,0,0,0,0,0,0,0,0,0,1.0,1,0,0,1,0,0,0,0,0,0,0,0,0,0.0,0,0,2,1
2024,2,23,11,20,0,0,0,0,0,0,0,0,0,0,0,2,0,0,0,0,1.0,1,0,0,1,0,0,0,0,0,0,0,0,0,0.0,0,0,2,1
2024,2,23,11,25,0,0,0,0,0,0,0,0,0,0,0,0,0,0,0,0,1.0,1,0,0,1,0,0,0,1,0,0,0,0,0,0.0,0,0,2,1
2024,2,23,11,30,0,0,0,0,0,0,0,0,0,0,0,0,0,0,0,0,1.0,1,0,0,1,0,0,0,1,0,0,0,0,0,0.0,0,0,2,1
2024,2,23,11,35,0,1,0,0,0,0,0,0,0,0,0,0,0,0,0,0,1.0,1,1,0,1,0,1,0,1,0,0,0,0,0,0.0,0,0,2,1
2024,2,23,11,40,0,0,0,0,0,0,0,0,0,0,0,0,0,1,1,0,1.0,1,0,0,1,0,0,0,1,0,0,0,0,0,0.0,0,0,1,0
2024,2,23,11,45,0,0,0,0,0,0,0,0,0,0,0,0,0,0,0,0,1.0,1,0,1,1,0,0,1,1,0,0,0,0,0,0.0,0,0,1,0
2024,2,23,11,50,0,0,0,0,0,0,0,0,0,0,0,2,0,0,0,0,1.0,1,0,0,1,0,0,0,1,0,0,0,0,0,0.0,0,0,2,1
2024,2,23,11,55,0,0,0,0,0,0,0,0,0,0,0,2,0,0,0,0,1.0,1,0,0,1,0,0,0,1,0,0,0,0,0,0.0,0,0,1,1
2024,2,23,12,0,0,0,0,0,0,0,0,0,0,0,0,0,0,0,0,0,1.0,1,0,1,1,0,0,1,0,0,0,0,0,0,0.0,0,0,1,0
2024,2,23,12,5,0,0,0,0,0,0,0,0,0,0,0,0,0,2,2,0,1.0,1,0,0,1,0,0,0,0,0,0,0,0,0,0.0,0,0,2,1
2024,2,23,12,10,0,1,0,0,0,0,0,0,0,0,0,2,0,0,0,0,1.0,1,1,0,1,0,1,0,1,0,0,0,0,0,0.0,0,0,1,0
2024,2,23,12,15,0,0,0,0,0,0,0,0,0,0,0,0,0,0,0,0,1.0,1,0,0,1,0,0,0,1,0,0,0,0,0,0.0,0,0,2,0
2024,2,23,12,20,0,0,0,0,0,0,0,0,0,0,0,0,0,0,0,0,1.0,1,0,0,1,0,0,0,1,0,0,0,0,0,0.0,0,0,2,0
2024,2,23,12,25,0,0,0,0,0,0,0,0,0,0,0,0,0,0,0,0,1.0,1,0,0,1,0,0,0,1,0,0,0,0,0,0.0,0,0,2,0
2024,2,23,12,30,0,2,0,0,0,0,0,0,0,0,0,0,0,0,0,0,1.0,1,0,1,1,0,0,1,1,0,0,0,0,0,0.0,0,0,1,1
2024,2,23,12,35,0,0,0,0,0,0,0,0,0,0,0,0,0,0,0,0,1.0,1,0,0,1,0,0,0,0,0,0,0,0,0,0.0,0,0,2,1
2024,2,23,12,40,0,0,0,0,0,0,0,0,0,0,0,0,0,0,0,0,1.0,1,0,0,1,0,0,0,1,0,0,0,0,0,0.0,0,0,2,0
2024,2,23,12,45,0,0,0,0,0,0,0,0,0,0,0,0,2,2,2,0,1.0,1,0,0,1,0,0,0,1,0,0,0,0,0,0.0,0,0,1,1
2024,2,23,12,50,0,0,0,0,0,0,0,0,0,0,0,0,0,0,0,0,1.0,1,0,0,1,0,0,0,1,0,0,0,0,0,0.0,0,0,2,1
2024,2,23,12,55,0,0,0,0,0,0,0,0,0,0,0,2,0,0,0,0,1.0,1,0,0,1,0,0,0,1,0,0,0,0,0,0.0,0,0,2,1
2024,2,23,13,0,0,0,0,0,0,0,0,0,0,0,0,0,0,0,0,0,1.0,1,0,0,1,0,0,0,1,0,0,0,0,0,0.0,0,0,2,0
2024,2,23,13,5,0,0,0,0,0,0,0,0,0,0,0,0,0,0,0,0,1.0,1,1,0,1,0,1,0,1,0,0,0,0,0,0.0,0,0,1,0
2024,2,23,13,10,0,0,0,0,0,0,0,0,0,0,0,0,0,2,2,0,1.0,0,0,0,1,0,0,0,0,0,0,0,0,0,0.0,0,0,1,1
2024,2,23,13,15,0,0,0,0,0,0,0,0,0,0,0,2,0,0,0,0,1.0,0,0,0,1,0,0,0,1,0,0,0,0,0,0.0,0,0,2,1
2024,2,23,13,20,0,0,0,0,0,0,0,0,0,0,0,0,0,0,0,0,1.0,0,0,0,1,0,0,0,1,0,0,0,0,0,0.0,0,0,2,1
2024,2,23,13,25,0,0,0,0,0,0,0,0,0,0,0,0,0,0,0,0,1.0,0,0,0,1,0,0,0,1,0,0,0,0,0,0.0,0,0,2,1
2024,2,23,13,30,0,1,0,0,0,0,0,0,0,0,0,0,0,0,0,0,1.0,0,0,0,1,0,0,0,1,0,0,0,0,0,0.0,0,0,2,1
2024,2,23,13,35,0,1,0,0,0,0,0,0,0,0,0,0,0,1,1,0,1.0,0,0,0,1,0,0,0,1,0,0,0,0,0,0.0,0,0,2,0
2024,2,23,13,40,0,1,0,0,0,0,0,0,0,0,0,0,0,0,0,0,1.0,1,0,0,1,0,0,0,1,0,0,0,0,1,182.97000122070312,0,0,2,0
2024,2,23,13,45,0,0,0,0,0,0,0,0,0,0,0,0,0,0,0,0,1.0,1,0,0,1,0,0,0,1,0,0,0,0,1,182.97000122070312,0,0,1,0
2024,2,23,13,50,0,0,0,0,0,0,0,0,0,0,0,0,0,0,0,0,1.0,1,0,1,1,0,0,1,1,0,0,0,0,0,0.0,0,0,2,0
2024,2,23,13,55,0,0,0,0,0,0,0,0,0,0,0,2,0,0,0,0,1.0,1,0,0,1,0,0,0,1,0,0,0,0,0,0.0,0,0,1,1
2024,2,23,14,0,0,0,0,0,0,0,0,0,0,0,0,0,0,1,1,0,1.0,1,1,0,1,0,1,0,1,0,0,0,0,0,0.0,0,0,1,0
2024,2,23,14,5,0,0,0,0,0,0,0,0,0,0,0,2,0,0,0,0,1.0,1,0,0,1,0,0,0,1,0,0,0,0,0,0.0,0,0,2,1
2024,2,23,14,10,0,0,0,0,0,0,0,0,0,0,0,0,0,1,1,0,1.0,1,0,0,1,0,0,0,1,0,0,0,0,0,0.0,0,0,1,0
2024,2,23,14,15,0,2,0,0,0,0,0,0,0,0,0,0,0,0,0,0,1.0,1,0,1,1,0,0,1,1,0,0,0,0,0,0.0,0,0,2,0
2024,2,23,14,20,0,0,0,0,0,0,0,0,0,0,0,0,0,0,0,0,1.0,1,0,0,1,0,0,0,1,0,0,0,0,0,0.0,0,0,2,1
2024,2,23,14,25,0,0,0,0,0,0,0,0,0,0,0,0,0,0,1,0,1.0,1,0,0,1,0,0,0,0,0,0,0,0,0,0.0,0,0,2,0
2024,2,23,14,30,0,0,0,0,0,0,0,0,0,0,0,0,0,0,0,0,1.0,1,1,0,1,0,1,0,1,0,0,0,0,0,0.0,0,0,1,1
2024,2,23,14,35,0,0,0,0,0,0,0,0,0,0,0,2,0,0,0,0,1.0,1,0,0,1,0,0,0,1,0,0,0,0,0,0.0,0,0,2,0
2024,2,23,14,40,0,0,0,0,0,0,0,0,0,0,0,0,0,0,0,0,1.0,1,0,0,1,0,0,0,1,0,0,0,0,0,0.0,0,0,2,0
2024,2,23,14,45,0,0,0,0,0,0,0,0,0,0,0,0,0,2,2,0,1.0,1,0,0,1,0,0,0,1,0,0,0,0,0,0.0,0,0,1,1
2024,2,23,14,50,0,0,0,0,0,0,0,0,0,0,0,2,0,0,0,0,1.0,1,0,1,1,0,0,1,1,0,0,0,0,0,0.0,0,0,1,0
2024,2,23,14,55,0,1,0,0,0,0,0,0,0,0,0,2,0,0,0,0,1.0,1,0,0,1,0,0,0,0,0,0,0,0,0,0.0,0,0,2,0
2024,2,23,15,0,0,1,0,0,0,0,0,0,0,0,0,0,0,0,0,0,1.0,1,0,0,1,0,0,0,1,0,0,0,0,0,0.0,0,0,2,1
2024,2,23,15,5,0,2,0,0,0,0,0,0,0,0,0,0,0,1,1,0,1.0,1,0,1,1,0,0,1,1,0,0,0,0,0,0.0,0,0,1,0
2024,2,23,15,10,0,0,0,0,0,0,0,0,0,0,0,0,0,0,0,0,1.0,1,0,0,1,0,0,0,1,0,0,0,0,0,0.0,0,0,1,1
2024,2,23,15,15,0,0,0,0,0,0,0,0,0,0,0,0,0,0,0,0,1.0,0,0,0,1,0,0,0,1,0,0,0,0,0,0.0,0,0,2,1
2024,2,23,15,20,0,0,0,0,0,0,0,0,0,0,0,2,0,0,0,0,1.0,0,0,0,1,0,0,0,1,0,0,0,0,0,0.0,0,0,2,1
2024,2,23,15,25,0,0,0,0,0,0,0,0,0,0,0,2,0,0,0,0,1.0,1,1,0,1,0,1,0,1,0,0,0,0,0,0.0,0,0,1,0
2024,2,23,15,30,0,0,0,0,0,0,0,0,0,0,0,0,0,0,0,0,1.0,1,0,1,1,0,0,1,1,0,0,0,0,0,0.0,0,0,1,0
2024,2,23,15,35,0,0,0,0,0,0,0,0,0,0,0,0,0,2,2,0,1.0,0,0,0,1,0,0,0,0,0,0,0,0,0,0.0,0,0,1,1
2024,2,23,15,40,0,0,0,0,0,0,0,0,0,0,0,2,0,0,0,0,1.0,1,0,0,1,0,0,0,1,0,0,0,0,0,0.0,0,0,2,0
2024,2,23,15,45,0,0,0,0,0,0,0,0,0,0,0,0,0,2,2,0,1.0,0,0,0,1,0,0,0,1,0,0,0,0,0,0.0,0,0,1,1
2024,2,23,15,50,0,1,0,0,0,0,0,0,0,0,0,0,0,0,0,0,1.0,0,1,0,1,0,1,0,1,0,0,0,0,0,0.0,0,0,2,1
2024,2,23,15,55,0,0,0,0,0,0,0,0,0,0,0,0,0,1,1,0,1.0,1,0,0,1,0,0,0,1,0,0,0,0,1,182.82000732421875,0,0,1,0
2024,2,26,9,30,0,0,0,0,0,0,0,0,0,0,0,0,0,0,0,0,1.0,1,0,0,1,0,0,0,1,0,0,0,0,1,182.75999450683594,0,0,2,0
2024,2,26,9,35,0,0,0,0,0,0,0,0,0,0,0,0,0,0,0,0,1.0,1,0,0,1,0,0,0,0,0,0,0,0,0,0.0,0,0,1,0
2024,2,26,9,40,0,0,0,0,0,0,0,0,0,0,0,0,0,0,0,0,1.0,1,0,0,1,0,0,0,0,0,0,0,0,0,0.0,0,0,2,0
2024,2,26,9,45,0,2,0,0,0,0,0,0,0,0,0,1,0,0,0,0,1.0,1,0,1,1,0,0,1,0,0,0,0,0,0,0.0,0,0,2,1
2024,2,26,9,50,0,0,0,0,0,0,0,0,0,0,0,0,0,0,0,0,1.0,1,0,0,1,0,0,0,0,0,0,0,0,0,0.0,0,0,2,0
2024,2,26,9,55,0,0,0,0,0,0,0,0,0,0,0,0,0,0,0,0,1.0,1,0,0,1,0,0,0,0,0,0,0,0,0,0.0,0,0,1,1
2024,2,26,10,0,0,0,0,0,0,0,0,0,0,0,0,0,0,0,0,0,1.0,1,0,1,1,0,0,1,1,0,0,0,0,0,0.0,0,0,1,1
2024,2,26,10,5,0,0,0,0,0,0,0,0,0,0,0,0,0,0,0,0,1.0,1,0,0,1,0,0,0,1,0,0,0,0,0,0.0,0,0,1,1
2024,2,26,10,10,0,0,0,0,0,0,0,0,0,0,0,0,0,0,0,0,1.0,1,1,0,1,0,1,0,1,0,0,0,0,0,0.0,0,0,2,1
2024,2,26,10,15,0,0,0,0,0,0,0,0,0,0,0,0,0,0,0,0,1.0,1,0,0,1,0,0,0,1,0,0,0,0,0,0.0,0,0,1,0
2024,2,26,10,20,0,0,0,0,0,0,0,0,0,0,0,0,0,2,2,0,1.0,1,0,1,1,0,0,1,1,0,0,0,0,0,0.0,0,0,1,1
2024,2,26,10,25,0,0,0,0,0,0,0,0,0,0,0,0,0,0,0,0,1.0,1,0,0,1,0,0,0,1,0,0,0,0,0,0.0,0,0,2,0
2024,2,26,10,30,0,1,0,0,0,0,0,0,0,0,0,0,0,0,0,0,1.0,1,1,0,1,0,1,0,1,0,0,0,0,0,0.0,0,0,2,1
2024,2,26,10,35,0,0,0,0,0,0,0,0,0,0,0,0,0,1,1,0,1.0,1,0,0,1,0,0,0,1,0,0,0,0,0,0.0,0,0,2,0
2024,2,26,10,40,0,0,0,0,0,0,0,0,0,0,0,0,0,0,0,0,1.0,1,0,0,1,0,0,0,1,0,0,0,0,0,0.0,0,0,2,0
2024,2,26,10,45,0,0,0,0,0,0,0,0,0,0,0,0,0,0,0,0,1.0,1,0,0,1,0,0,0,1,0,0,0,0,0,0.0,0,0,1,0
2024,2,26,10,50,0,0,0,0,0,0,0,0,0,0,0,0,0,0,0,0,1.0,1,0,0,1,0,0,0,0,0,0,0,0,0,0.0,0,0,1,1
2024,2,26,10,55,0,0,0,0,0,0,0,0,0,0,0,0,0,1,1,0,1.0,1,0,0,1,0,0,0,1,0,0,0,0,0,0.0,0,0,1,0
2024,2,26,11,0,0,0,0,0,0,0,0,0,0,0,0,1,0,0,0,0,1.0,1,0,0,1,0,0,0,1,0,0,0,0,0,0.0,0,0,1,0
2024,2,26,11,5,0,0,1,0,0,0,0,0,0,0,0,0,0,0,0,0,1.0,1,0,1,1,0,0,1,1,0,0,0,0,0,0.0,0,0,2,0
2024,2,26,11,10,0,0,1,0,0,0,0,0,0,0,0,0,0,2,2,0,1.0,1,0,0,1,0,0,0,1,0,0,0,0,0,0.0,0,0,1,1
2024,2,26,11,15,0,0,1,0,0,0,0,0,0,0,0,0,0,0,0,0,1.0,1,1,0,1,0,1,0,0,0,0,0,0,0,0.0,0,0,1,0
2024,2,26,11,20,0,0,1,0,0,0,0,0,0,0,0,0,0,0,0,0,1.0,1,0,0,1,0,0,0,1,0,0,0,0,0,0.0,0,0,1,0
2024,2,26,11,25,0,2,1,0,0,0,0,0,0,0,0,0,0,0,0,0,1.0,1,0,1,1,0,0,1,1,0,0,0,0,0,0.0,0,0,1,1
2024,2,26,11,30,0,0,1,0,0,0,0,0,0,0,0,0,0,0,0,0,1.0,1,0,0,1,0,0,0,1,0,0,0,0,0,0.0,0,0,2,1
2024,2,26,11,35,0,0,1,0,0,0,0,0,0,0,0,0,0,0,0,0,1.0,1,0,0,1,0,0,0,0,0,0,0,0,0,0.0,0,0,2,1
2024,2,26,11,40,0,0,0,0,0,0,0,0,0,0,0,0,0,0,0,0,1.0,1,0,0,1,0,0,0,1,0,0,0,0,0,0.0,0,0,1,1
2024,2,26,11,45,0,0,0,0,0,0,0,0,0,0,0,0,0,0,0,0,1.0,1,0,0,1,0,0,0,1,0,0,0,0,0,0.0,0,0,1,0
2024,2,26,11,50,0,1,0,0,0,0,0,0,0,0,0,0,0,0,2,0,1.0,1,1,0,1,0,1,0,1,0,0,0,0,0,0.0,0,0,1,1
2024,2,26,11,55,0,0,0,0,0,0,0,0,0,0,0,0,0,0,0,0,1.0,1,0,0,1,0,0,0,1,0,0,0,0,0,0.0,0,0,2,0
2024,2,26,12,0,0,0,0,0,0,0,0,0,0,0,0,0,0,0,0,0,1.0,1,0,0,1,0,0,0,1,0,0,0,0,0,0.0,0,0,2,0
2024,2,26,12,5,0,0,0,0,0,0,0,0,0,0,0,0,0,0,0,0,1.0,1,0,0,1,0,0,0,1,0,0,0,0,0,0.0,0,0,2,0
2024,2,26,12,10,0,0,0,0,0,0,0,0,0,0,0,0,0,0,2,0,1.0,1,0,0,1,0,0,0,0,0,0,0,0,0,0.0,0,0,2,1
2024,2,26,12,15,0,0,0,0,0,0,0,0,0,0,0,0,0,1,1,0,1.0,1,0,0,1,0,0,0,1,0,0,0,0,0,0.0,0,0,1,0
2024,2,26,12,20,0,0,0,0,0,0,0,0,0,0,0,0,0,0,0,0,1.0,1,0,1,1,0,0,1,1,0,0,0,0,0,0.0,0,0,1,1
2024,2,26,12,25,0,0,0,0,0,0,0,0,0,0,0,0,0,0,0,0,1.0,1,0,0,1,0,0,0,1,0,0,0,0,0,0.0,0,0,2,0
2024,2,26,12,30,0,0,0,0,0,0,0,0,0,0,0,0,0,0,0,0,1.0,1,0,0,1,0,0,0,1,0,0,0,0,0,0.0,0,0,1,0
2024,2,26,12,35,0,0,0,0,0,0,0,0,0,0,0,0,0,0,0,0,1.0,1,0,0,1,0,0,0,1,0,0,0,0,0,0.0,0,0,1,0
2024,2,26,12,40,0,0,0,0,0,0,0,0,0,0,0,0,0,0,0,0,1.0,1,0,0,1,0,0,0,1,0,0,0,0,0,0.0,0,0,2,0
2024,2,26,12,45,0,2,0,0,0,0,0,0,0,0,0,0,0,0,0,0,1.0,1,0,1,1,0,0,1,1,0,0,0,0,0,0.0,0,0,2,0
2024,2,26,12,50,0,0,0,0,0,0,0,0,0,0,0,0,0,0,0,0,1.0,1,0,0,1,0,0,0,1,0,0,0,0,0,0.0,0,0,2,1
2024,2,26,12,55,0,0,0,0,0,0,0,0,0,0,0,0,0,0,0,0,1.0,1,0,0,1,0,0,0,1,0,0,0,0,0,0.0,0,0,2,1
2024,2,26,13,0,0,0,0,0,0,0,0,0,0,0,0,0,0,0,0,0,1.0,1,0,0,1,0,0,0,1,0,0,0,0,0,0.0,0,0,2,1
2024,2,26,13,5,0,0,0,0,0,0,0,0,0,0,0,0,0,0,0,0,1.0,0,0,0,1,0,0,0,1,0,0,0,0,0,0.0,0,0,1,1
2024,2,26,13,10,0,1,0,0,0,0,0,0,0,0,0,0,0,0,0,0,1.0,0,1,0,1,0,1,0,0,0,0,0,0,0,0.0,0,0,1,1
2024,2,26,13,15,0,0,0,0,0,0,0,0,0,0,0,1,0,0,0,0,1.0,0,0,0,1,0,0,0,1,0,0,0,0,0,0.0,0,0,1,0
2024,2,26,13,20,0,0,0,0,0,0,0,0,0,0,0,1,0,0,0,0,1.0,0,0,0,1,0,0,0,1,0,0,0,0,0,0.0,0,0,2,0
2024,2,26,13,25,0,0,0,0,0,0,0,0,0,0,0,0,0,0,0,0,1.0,1,0,0,1,0,0,0,1,0,0,0,0,1,181.21499633789062,0,0,1,0
2024,2,26,13,30,0,0,0,0,0,0,0,0,0,0,0,0,0,0,0,0,1.0,1,0,0,1,0,0,0,1,0,0,0,0,1,181.10000610351562,0,0,1,0
2024,2,26,13,35,0,2,0,0,0,0,0,0,0,0,0,0,0,0,0,0,1.0,0,0,1,1,0,0,1,1,0,0,0,0,0,0.0,0,0,2,1
2024,2,26,13,40,0,0,0,0,0,0,0,0,0,0,0,0,0,0,0,0,1.0,0,0,0,1,0,0,0,1,0,0,0,0,0,0.0,0,0,2,1
2024,2,26,13,45,0,0,0,0,0,0,0,0,0,0,0,0,0,0,0,0,1.0,0,0,0,1,0,0,0,1,0,0,0,0,0,0.0,0,0,1,1
2024,2,26,13,50,0,0,0,0,0,0,0,0,0,0,0,0,0,0,0,0,1.0,0,0,0,1,0,0,0,1,0,0,0,0,0,0.0,0,0,1,1
2024,2,26,13,55,0,0,0,0,0,0,0,0,0,0,0,0,0,0,0,1,1.0,0,0,0,1,0,0,0,1,0,0,0,0,0,0.0,0,0,1,1
2024,2,26,14,0,0,0,0,0,0,0,0,0,0,0,0,0,0,0,0,1,1.0,0,0,0,1,0,0,0,1,0,0,0,0,0,0.0,0,0,2,1
2024,2,26,14,5,0,0,0,0,0,0,0,0,0,0,0,0,0,0,0,1,1.0,0,1,0,1,0,1,0,1,0,0,0,0,0,0.0,0,0,1,1
2024,2,26,14,10,0,0,0,0,0,0,0,0,0,0,0,0,0,1,1,0,1.0,0,0,0,1,0,0,0,1,0,0,0,0,0,0.0,0,0,1,0
2024,2,26,14,15,0,0,0,0,0,0,0,0,0,0,0,0,0,0,0,0,1.0,0,0,1,1,0,0,1,1,0,0,0,0,0,0.0,0,0,1,1
2024,2,26,14,20,0,0,0,0,0,0,0,0,0,0,0,0,0,0,0,0,1.0,0,0,0,1,0,0,0,1,0,0,0,0,0,0.0,0,0,1,1
2024,2,26,14,25,0,0,0,0,0,0,0,0,0,0,0,0,0,0,0,0,1.0,0,0,0,1,0,0,0,1,0,0,0,0,0,0.0,0,0,1,1
2024,2,26,14,30,0,1,0,0,0,0,0,0,0,0,0,0,0,0,0,0,1.0,0,1,0,1,0,1,0,1,0,0,0,0,0,0.0,0,0,1,0
2024,2,26,14,35,0,0,0,0,0,0,0,0,0,0,0,0,0,0,0,0,1.0,0,0,0,1,0,0,0,1,0,0,0,0,0,0.0,0,0,1,1
2024,2,26,14,40,0,0,0,0,0,0,0,0,0,0,0,0,0,1,1,0,1.0,0,0,1,1,0,0,1,0,0,0,0,0,0,0.0,0,0,2,0
2024,2,26,14,45,0,0,0,0,0,0,0,0,0,0,0,0,0,0,0,0,1.0,0,0,0,1,0,0,0,0,0,0,0,0,0,0.0,0,0,1,1
2024,2,26,14,50,0,0,0,0,0,0,0,0,0,0,0,0,0,0,0,0,1.0,0,0,0,1,0,0,0,1,0,0,0,0,0,0.0,0,0,2,0
2024,2,26,14,55,0,0,0,0,0,0,0,0,0,0,0,0,0,0,0,0,1.0,0,0,0,1,0,0,0,1,0,0,0,0,0,0.0,0,0,1,0
2024,2,26,15,0,0,0,0,0,0,0,0,0,0,0,0,0,0,0,0,0,1.0,0,0,0,1,0,0,0,1,0,0,0,0,0,0.0,0,0,1,1
2024,2,26,15,5,0,0,0,0,0,0,0,0,0,0,0,0,0,1,1,0,1.0,0,1,0,1,0,1,0,1,0,0,0,0,0,0.0,0,0,2,0
2024,2,26,15,10,0,0,0,0,0,0,0,0,0,0,0,0,0,0,0,0,1.0,1,0,0,1,0,0,0,1,0,0,0,0,0,0.0,0,0,2,0
2024,2,26,15,15,0,0,0,0,0,0,0,0,0,0,0,0,0,0,0,0,1.0,1,0,0,1,0,0,0,1,0,0,0,0,0,0.0,0,0,2,0
2024,2,26,15,20,0,0,0,0,0,0,0,0,0,0,0,0,0,0,0,0,1.0,1,0,0,1,0,0,0,1,0,0,0,0,0,0.0,0,0,1,1
2024,2,26,15,25,0,0,0,0,0,0,0,0,0,0,0,0,0,0,0,0,1.0,1,0,0,1,0,0,0,1,0,0,0,0,0,0.0,0,0,2,1
2024,2,26,15,30,0,0,0,0,0,0,0,0,0,0,0,0,0,1,1,0,1.0,1,1,0,1,0,1,0,1,0,0,0,0,0,0.0,0,0,2,0
2024,2,26,15,35,0,0,0,0,0,0,0,0,0,0,0,0,0,0,0,0,1.0,1,0,0,1,0,0,0,1,0,0,0,0,0,0.0,0,0,2,1
2024,2,26,15,40,0,0,0,0,0,0,0,0,0,0,0,0,0,0,1,0,1.0,1,0,0,1,0,0,0,1,0,0,0,0,0,0.0,0,0,1,0
2024,2,26,15,45,0,0,0,0,0,0,0,0,0,0,0,0,0,2,2,0,1.0,1,0,0,1,0,0,0,1,0,0,0,0,0,0.0,0,0,1,1
2024,2,26,15,50,0,0,0,0,0,0,0,0,0,0,0,0,0,0,0,0,1.0,1,0,0,1,0,0,0,1,0,0,0,0,0,0.0,0,0,1,1
2024,2,26,15,55,0,0,0,0,0,0,0,0,0,0,0,0,0,0,0,0,1.0,1,0,0,1,0,0,0,1,0,0,0,0,0,0.0,0,0,1,0
2024,2,27,9,30,0,1,0,0,0,0,0,0,0,0,0,0,0,0,0,0,1.0,1,1,0,1,0,1,0,1,0,0,0,0,0,0.0,0,0,1,0
2024,2,27,9,35,0,0,0,0,0,0,0,0,0,0,0,1,0,0,0,0,1.0,1,0,0,1,0,0,0,1,0,0,0,0,0,0.0,0,0,2,0
2024,2,27,9,40,0,2,0,0,0,0,0,0,0,0,0,0,0,0,0,0,1.0,1,0,1,1,0,0,1,1,0,0,0,0,0,0.0,0,0,1,0
2024,2,27,9,45,0,0,0,0,0,0,0,0,0,0,0,0,0,0,0,0,1.0,1,0,0,1,0,0,0,1,0,0,0,0,0,0.0,0,0,1,1
2024,2,27,9,50,0,0,0,0,0,0,0,0,0,0,0,0,0,0,0,0,1.0,1,0,0,1,0,0,0,0,0,0,0,0,0,0.0,0,0,1,1
2024,2,27,9,55,0,0,0,0,0,0,0,0,0,0,0,0,0,0,0,0,1.0,1,0,0,1,0,0,0,0,0,0,0,0,0,0.0,0,0,1,1
2024,2,27,10,0,0,0,0,0,0,0,0,0,0,0,0,0,0,0,0,0,1.0,1,0,0,1,0,0,0,1,0,0,0,0,0,0.0,0,0,1,0
2024,2,27,10,5,0,0,0,0,0,0,0,0,0,0,0,0,0,0,0,0,1.0,0,0,1,1,0,0,1,1,0,0,0,0,0,0.0,0,0,2,1
2024,2,27,10,10,0,0,0,0,0,0,0,0,0,0,0,0,0,0,0,0,1.0,1,0,0,1,0,0,0,0,0,0,0,0,0,0.0,0,0,1,0
2024,2,27,10,15,0,0,0,0,0,0,0,0,0,0,0,0,0,2,2,0,1.0,0,0,0,1,0,0,0,1,0,0,0,0,0,0.0,0,0,2,1
2024,2,27,10,20,0,1,0,0,0,0,0,0,0,0,0,0,0,0,0,0,1.0,0,1,0,1,0,1,0,1,0,0,0,0,0,0.0,0,0,1,0
2024,2,27,10,25,0,0,0,0,0,0,0,0,0,0,0,0,0,0,0,0,1.0,0,0,0,1,0,0,0,1,0,0,0,0,0,0.0,0,0,1,0
2024,2,27,10,30,0,0,0,0,0,0,0,0,0,0,0,0,0,0,0,0,1.0,0,0,0,1,0,0,0,0,0,0,0,0,0,0.0,0,0,2,0
2024,2,27,10,35,0,0,0,0,0,0,0,0,0,0,0,0,0,0,0,0,1.0,1,0,0,1,0,0,0,1,0,0,0,0,1,181.27000427246094,0,0,1,0
2024,2,27,10,40,0,0,0,0,0,0,0,0,0,0,0,1,0,0,0,0,1.0,1,0,0,1,0,0,0,1,0,0,0,0,1,181.27000427246094,0,0,2,0
2024,2,27,10,45,0,2,0,0,0,0,0,0,0,0,0,1,0,2,2,0,1.0,0,0,1,1,0,0,1,1,0,0,0,0,0,0.0,0,0,1,1
2024,2,27,10,50,0,0,0,0,0,0,0,0,0,0,0,1,0,0,0,0,1.0,0,1,0,1,0,1,0,0,0,0,0,0,0,0.0,0,0,2,1
2024,2,27,10,55,0,0,0,0,0,0,0,0,0,0,0,0,0,0,0,0,1.0,0,0,0,1,0,0,0,0,0,0,0,0,0,0.0,0,0,1,0
2024,2,27,11,0,0,0,0,0,0,0,0,0,0,0,0,0,0,0,0,0,1.0,0,0,0,1,0,0,0,1,0,0,0,0,0,0.0,0,0,1,0
2024,2,27,11,5,0,0,0,0,0,0,0,0,0,0,0,1,0,0,0,0,1.0,1,0,0,1,0,0,0,1,0,0,0,0,0,0.0,0,0,2,0
2024,2,27,11,10,0,0,0,0,0,0,0,0,0,0,0,1,0,0,2,0,1.0,0,0,0,1,0,0,0,0,0,0,0,0,0,0.0,0,0,1,1
2024,2,27,11,15,0,0,0,0,0,0,0,0,0,0,0,1,0,0,0,0,1.0,1,0,0,1,0,0,0,1,0,0,0,0,0,0.0,0,0,1,0
2024,2,27,11,20,0,0,0,0,0,0,0,0,0,0,0,0,0,0,0,0,1.0,1,0,1,1,0,0,1,1,0,0,0,0,0,0.0,0,0,2,1
2024,2,27,11,25,0,0,0,0,0,0,0,0,0,0,0,0,0,0,0,0,1.0,1,0,0,1,0,0,0,1,0,0,0,0,0,0.0,0,0,1,0
2024,2,27,11,30,0,0,0,0,0,0,0,0,0,0,0,0,0,0,2,0,1.0,1,0,0,1,0,0,0,1,0,0,0,0,0,0.0,0,0,1,1
2024,2,27,11,35,0,2,0,0,0,0,0,0,0,0,0,0,0,1,1,0,1.0,1,0,1,1,0,0,1,1,0,0,0,0,0,0.0,0,0,1,0
2024,2,27,11,40,0,0,0,0,0,0,0,0,0,0,0,0,0,0,0,0,1.0,1,0,0,1,0,0,0,1,0,0,0,0,0,0.0,0,0,1,0
2024,2,27,11,45,0,0,0,0,0,0,0,0,0,0,0,0,0,0,0,0,1.0,1,0,0,1,0,0,0,0,0,0,0,0,0,0.0,0,0,2,0
2024,2,27,11,50,0,0,0,0,0,0,0,0,0,0,0,0,0,2,2,0,1.0,1,0,0,1,0,0,0,1,0,0,0,0,0,0.0,0,0,2,1
2024,2,27,11,55,0,0,0,0,0,0,0,0,0,0,0,0,0,0,0,0,1.0,1,0,0,1,0,0,0,1,0,0,0,0,0,0.0,0,0,1,0
2024,2,27,12,0,0,0,0,0,0,0,0,0,0,0,0,0,0,0,0,0,1.0,1,0,0,1,0,0,0,1,0,0,0,0,0,0.0,0,0,2,1
2024,2,27,12,5,0,1,0,0,0,0,0,0,0,0,0,0,0,0,0,0,1.0,1,1,0,1,0,1,0,1,0,0,0,0,0,0.0,0,0,1,0
2024,2,27,12,10,0,0,0,0,0,0,0,0,0,0,0,0,0,0,0,0,1.0,1,0,0,1,0,0,0,0,0,0,0,0,0,0.0,0,0,2,0
2024,2,27,12,15,0,0,0,0,0,0,0,0,0,0,0,0,0,0,0,0,1.0,1,0,0,1,0,0,0,1,0,0,0,0,0,0.0,0,0,1,0
2024,2,27,12,20,0,0,0,0,0,0,0,0,0,0,0,0,0,0,0,0,1.0,1,0,1,1,0,0,1,1,0,0,0,0,0,0.0,0,0,2,0
2024,2,27,12,25,0,0,0,0,0,0,0,0,0,0,0,0,0,2,2,0,1.0,1,0,0,1,0,0,0,1,0,0,0,0,0,0.0,0,0,2,1
2024,2,27,12,30,0,0,0,0,0,0,0,0,0,0,0,0,0,0,0,0,1.0,1,1,0,1,0,1,0,0,0,0,0,0,0,0.0,0,0,2,0
2024,2,27,12,35,0,0,0,0,0,0,0,0,0,0,0,0,0,0,0,0,1.0,1,0,0,1,0,0,0,1,0,0,0,0,0,0.0,0,0,2,0
2024,2,27,12,40,0,0,0,0,0,0,0,0,0,0,0,0,0,0,0,0,1.0,1,0,0,1,0,0,0,1,0,0,0,0,0,0.0,0,0,1,0
2024,2,27,12,45,0,0,0,0,0,0,0,0,0,0,0,0,0,0,0,0,1.0,1,0,0,1,0,0,0,1,0,0,0,0,0,0.0,0,0,2,0
2024,2,27,12,50,0,0,0,0,0,0,0,0,0,0,0,0,0,0,0,0,1.0,1,0,0,1,0,0,0,1,0,0,0,0,0,0.0,0,0,2,0
2024,2,27,12,55,0,0,0,0,0,0,0,0,0,0,0,0,0,0,0,0,1.0,1,0,0,1,0,0,0,1,0,0,0,0,0,0.0,0,0,2,0
2024,2,27,13,0,0,0,0,0,0,0,0,0,0,0,0,0,0,0,0,0,1.0,1,0,1,1,0,0,1,1,0,0,0,0,0,0.0,0,0,1,1
2024,2,27,13,5,0,0,0,0,0,0,0,0,0,0,0,0,0,0,0,0,1.0,1,0,0,1,0,0,0,1,0,0,0,0,0,0.0,0,0,2,0
2024,2,27,13,10,0,0,0,0,0,0,0,0,0,0,0,0,0,0,0,0,1.0,1,0,0,1,0,0,0,0,0,0,0,0,0,0.0,0,0,2,0
2024,2,27,13,15,0,0,0,0,0,0,0,0,0,0,0,0,0,0,0,0,1.0,1,0,0,1,0,0,0,1,0,0,0,0,0,0.0,0,0,1,0
2024,2,27,13,20,0,1,0,0,0,0,0,0,0,0,0,0,0,0,0,0,1.0,1,1,0,1,0,1,0,1,0,0,0,0,0,0.0,0,0,1,1
2024,2,27,13,25,0,0,0,0,0,0,0,0,0,0,0,0,0,1,1,0,1.0,1,0,0,1,0,0,0,1,0,0,0,0,0,0.0,0,0,2,0
2024,2,27,13,30,0,0,0,0,0,0,0,0,0,0,0,0,0,0,0,0,1.0,1,0,1,1,0,0,1,1,0,0,0,0,0,0.0,0,0,1,1
2024,2,27,13,35,0,0,0,0,0,0,0,0,0,0,0,0,0,0,0,0,1.0,1,0,0,1,0,0,0,0,0,0,0,0,0,0.0,0,0,2,1
2024,2,27,13,40,0,0,0,0,0,0,0,0,0,0,0,0,0,0,0,0,1.0,1,0,0,1,0,0,0,0,0,0,0,0,0,0.0,0,0,1,0
2024,2,27,13,45,0,0,0,0,0,0,0,0,0,0,0,0,0,2,2,0,1.0,1,0,0,1,0,0,0,0,0,0,0,0,0,0.0,0,0,2,1
2024,2,27,13,50,0,0,0,0,0,0,0,0,0,0,0,0,0,0,0,0,1.0,1,0,0,1,0,0,0,1,0,0,0,0,0,0.0,0,0,2,0
2024,2,27,13,55,0,2,0,0,0,0,0,0,0,0,0,0,0,0,0,0,1.0,0,0,1,1,0,0,1,1,0,0,0,0,0,0.0,0,0,2,1
2024,2,27,14,0,0,0,0,0,0,0,0,0,0,0,0,0,0,0,0,0,1.0,0,0,0,1,0,0,0,1,0,0,0,0,0,0.0,0,0,1,1
2024,2,27,14,5,0,0,0,0,0,0,0,0,0,0,0,1,0,0,0,1,1.0,0,0,0,1,0,0,0,1,0,0,0,0,0,0.0,0,0,1,1
2024,2,27,14,10,0,0,0,0,0,0,0,0,0,0,0,0,0,0,0,1,1.0,0,0,0,1,0,0,0,1,0,0,0,0,0,0.0,0,0,2,1
2024,2,27,14,15,0,0,0,0,0,0,0,0,0,0,0,0,0,0,0,1,1.0,0,0,0,1,0,0,0,1,0,0,0,0,0,0.0,0,0,2,1
2024,2,27,14,20,0,0,0,0,0,0,0,0,0,0,0,2,0,0,0,1,1.0,0,0,0,1,0,0,0,1,0,0,0,0,0,0.0,0,0,2,1
2024,2,27,14,25,0,0,0,0,0,0,0,0,0,0,0,2,0,0,0,1,1.0,0,0,0,1,0,0,0,1,0,0,0,0,0,0.0,0,0,2,1
2024,2,27,14,30,0,1,0,0,0,0,0,0,0,0,0,0,0,0,0,1,1.0,0,1,0,1,0,1,0,1,0,0,0,0,0,0.0,0,0,1,1
2024,2,27,14,35,0,0,0,0,0,0,0,0,0,0,0,0,0,0,0,1,1.0,0,0,0,1,0,0,0,1,0,0,0,0,0,0.0,0,0,1,0
2024,2,27,14,40,0,0,0,0,0,0,0,0,0,0,0,0,0,0,0,0,1.0,0,0,0,1,0,0,0,0,0,0,0,0,0,0.0,0,0,1,0
2024,2,27,14,45,0,0,0,0,0,0,0,0,0,0,0,0,0,0,0,0,1.0,0,0,0,1,0,0,0,0,0,0,0,0,0,0.0,0,0,1,0
2024,2,27,14,50,0,0,0,0,0,0,0,0,0,0,0,0,0,0,0,0,1.0,0,0,1,1,0,0,1,0,0,0,0,0,0,0.0,0,0,1,0
2024,2,27,14,55,0,0,0,0,0,0,0,0,0,0,0,0,0,2,2,0,1.0,0,0,0,1,0,0,0,1,0,0,0,0,0,0.0,0,0,2,1
2024,2,27,15,0,0,0,0,0,0,0,0,0,0,0,0,0,0,0,0,0,1.0,0,0,0,1,0,0,0,1,0,0,0,0,0,0.0,0,0,1,0
2024,2,27,15,5,0,0,0,0,0,0,0,0,0,0,0,0,0,0,0,0,1.0,0,0,0,1,0,0,0,0,0,0,0,0,0,0.0,0,0,1,1
2024,2,27,15,10,0,0,0,0,0,0,0,0,0,0,0,0,0,0,0,0,1.0,0,1,0,1,0,1,0,1,0,0,0,0,0,0.0,0,0,2,0
2024,2,27,15,15,0,2,0,0,0,0,0,0,0,0,0,0,0,0,0,0,1.0,0,0,0,1,0,0,0,1,0,0,0,0,0,0.0,0,0,2,0
2024,2,27,15,20,0,2,0,0,0,0,0,0,0,0,0,0,0,2,2,0,1.0,0,0,0,1,0,0,0,1,0,0,0,0,0,0.0,0,0,2,1
2024,2,27,15,25,0,0,0,0,0,0,0,0,0,0,0,0,0,0,0,0,1.0,0,1,0,1,0,1,0,1,0,0,0,0,0,0.0,0,0,1,0
2024,2,27,15,30,0,0,0,0,0,0,0,0,0,0,0,0,0,0,0,0,1.0,1,0,0,1,0,0,0,1,0,0,0,0,0,0.0,0,0,2,0
2024,2,27,15,35,0,0,0,0,0,0,0,0,0,0,0,0,0,0,0,0,1.0,0,0,1,1,0,0,1,1,0,0,0,0,0,0.0,0,0,1,1
2024,2,27,15,40,0,0,0,0,0,0,0,0,0,0,0,0,0,0,0,0,1.0,1,0,0,1,0,0,0,0,0,0,0,0,0,0.0,0,0,1,1
2024,2,27,15,45,0,0,0,0,0,0,0,0,0,0,0,0,0,0,0,0,1.0,1,0,0,1,0,0,0,1,0,0,0,0,0,0.0,0,0,1,1
2024,2,27,15,50,0,0,0,0,0,0,0,0,0,0,0,0,0,0,0,0,1.0,1,0,0,1,0,0,0,1,0,0,0,0,0,0.0,0,0,1,0
2024,2,27,15,55,0,0,0,0,0,0,0,0,0,0,0,0,0,0,0,0,1.0,1,0,0,1,0,0,0,1,0,0,0,0,0,0.0,0,0,2,1
2024,2,28,9,30,0,1,0,0,0,0,0,0,0,0,0,0,0,1,1,0,1.0,1,1,1,1,0,1,1,1,0,0,0,0,0,0.0,0,0,2,0
2024,2,28,9,35,0,0,0,0,0,0,0,0,0,0,0,0,0,0,0,0,1.0,1,0,0,1,0,0,0,1,0,0,0,0,0,0.0,0,0,2,1
2024,2,28,9,40,0,0,0,0,0,0,0,0,0,0,0,0,0,0,0,0,1.0,1,0,0,1,0,0,0,0,0,0,0,0,0,0.0,0,0,1,0
2024,2,28,9,45,0,0,0,0,0,0,0,0,0,0,0,0,0,0,0,0,1.0,1,0,0,1,0,0,0,0,0,0,0,0,0,0.0,0,0,1,0
2024,2,28,9,50,0,0,0,0,0,0,0,0,0,0,0,0,0,0,0,0,1.0,1,0,0,1,0,0,0,1,0,0,0,0,0,0.0,0,0,1,0
2024,2,28,9,55,0,0,0,0,0,0,0,0,0,0,0,0,0,0,0,0,1.0,1,0,0,1,0,0,0,1,0,0,0,0,0,0.0,0,0,2,1
2024,2,28,10,0,0,2,0,0,0,0,0,0,0,0,0,0,0,0,0,0,1.0,1,0,1,1,0,0,1,0,0,0,0,0,0,0.0,0,0,2,1
2024,2,28,10,5,0,0,0,0,0,0,0,0,0,0,0,0,0,0,0,0,1.0,1,0,0,1,0,0,0,0,0,0,0,0,0,0.0,0,0,1,1
2024,2,28,10,10,0,0,0,0,0,0,0,0,0,0,0,0,0,0,0,0,1.0,1,1,0,1,0,1,0,1,0,0,0,0,0,0.0,0,0,1,0
2024,2,28,10,15,0,0,0,0,0,0,0,0,0,0,0,0,0,0,0,0,1.0,1,0,0,1,0,0,0,1,0,0,0,0,0,0.0,0,0,2,1
2024,2,28,10,20,0,0,0,0,0,0,0,0,0,0,0,0,0,1,1,0,1.0,1,0,0,1,0,0,0,1,0,0,0,0,0,0.0,0,0,2,0
2024,2,28,10,25,0,0,0,0,0,0,0,0,0,0,0,0,0,0,0,0,1.0,1,0,0,1,0,0,0,1,0,0,0,0,0,0.0,0,0,2,0
2024,2,28,10,30,0,0,0,0,0,0,0,0,0,0,0,0,0,0,0,0,1.0,1,0,0,1,0,0,0,1,0,0,0,0,0,0.0,0,0,2,0
2024,2,28,10,35,0,2,0,0,0,0,0,0,0,0,0,0,0,0,0,0,1.0,1,0,1,1,0,0,1,1,0,0,0,0,0,0.0,0,0,2,1
2024,2,28,10,40,0,0,0,0,0,0,0,0,0,0,0,0,0,0,0,0,1.0,1,1,0,1,0,1,0,0,0,0,0,0,0,0.0,0,0,2,1
2024,2,28,10,45,0,0,0,0,0,0,0,0,0,0,0,0,0,0,0,0,1.0,1,0,0,1,0,0,0,1,0,0,0,0,0,0.0,0,0,2,0
2024,2,28,10,50,0,0,0,0,0,0,0,0,0,0,0,0,0,0,0,0,1.0,1,0,0,1,0,0,0,1,0,0,0,0,0,0.0,0,0,2,1
2024,2,28,10,55,0,0,0,0,0,0,0,0,0,0,0,0,0,0,0,0,1.0,1,0,0,1,0,0,0,1,0,0,0,0,0,0.0,0,0,2,1
2024,2,28,11,0,0,0,0,0,0,0,0,0,0,0,0,0,0,0,0,0,1.0,1,0,0,1,0,0,0,1,0,0,0,0,0,0.0,0,0,1,1
2024,2,28,11,5,0,0,0,0,0,0,0,0,0,0,0,0,0,0,0,0,1.0,0,0,0,1,0,0,0,1,0,0,0,0,0,0.0,0,0,1,0
2024,2,28,11,10,0,0,0,0,0,0,0,0,0,0,0,0,0,2,2,0,1.0,0,0,0,1,0,0,0,0,0,0,0,0,0,0.0,0,0,2,1
2024,2,28,11,15,0,0,0,0,0,0,0,0,0,0,0,0,0,0,0,0,1.0,0,0,0,1,0,0,0,1,0,0,0,0,0,0.0,0,0,2,1
2024,2,28,11,20,0,1,0,0,0,0,0,0,0,0,0,0,0,0,0,0,1.0,0,1,0,1,0,1,0,1,0,0,0,0,0,0.0,0,0,2,0
2024,2,28,11,25,0,0,0,0,0,0,0,0,0,0,0,0,0,0,0,0,1.0,0,0,0,1,0,0,0,1,0,0,0,0,0,0.0,0,0,2,0
2024,2,28,11,30,0,0,0,0,0,0,0,0,0,0,0,0,0,0,0,0,1.0,1,0,0,1,0,0,0,1,0,0,0,0,1,181.6699981689453,0,0,2,0
2024,2,28,11,35,0,2,0,0,0,0,0,0,0,0,0,0,0,0,0,0,1.0,1,0,1,1,0,0,1,1,0,0,0,0,1,181.6699981689453,0,0,2,0
2024,2,28,11,40,0,0,0,0,0,0,0,0,0,0,0,0,0,0,0,0,1.0,1,0,0,1,0,0,0,1,0,0,0,0,0,0.0,0,0,2,1
2024,2,28,11,45,0,0,0,0,0,0,0,0,0,0,0,0,0,0,0,0,1.0,0,0,0,1,0,0,0,0,0,0,0,0,0,0.0,0,0,1,1
2024,2,28,11,50,0,0,0,0,0,0,0,0,0,0,0,0,0,0,0,0,1.0,1,1,0,1,0,1,0,1,0,0,0,0,0,0.0,0,0,2,0
2024,2,28,11,55,0,0,0,0,0,0,0,0,0,0,0,0,0,0,0,0,1.0,1,0,0,1,0,0,0,1,0,0,0,0,0,0.0,0,0,2,1
2024,2,28,12,0,0,0,0,0,0,0,0,0,0,0,0,0,0,0,0,0,1.0,1,0,0,1,0,0,0,1,0,0,0,0,0,0.0,0,0,1,1
2024,2,28,12,5,0,0,0,0,0,0,0,0,0,0,0,0,0,0,0,0,1.0,1,0,0,1,0,0,0,1,0,0,0,0,0,0.0,0,0,2,0
2024,2,28,12,10,0,0,0,0,0,0,0,0,0,0,0,0,0,0,0,0,1.0,1,0,0,1,0,0,0,1,0,0,0,0,0,0.0,0,0,2,0
2024,2,28,12,15,0,0,0,0,0,0,0,0,0,0,0,0,0,0,0,0,1.0,1,0,0,1,0,0,0,1,0,0,0,0,0,0.0,0,0,2,0
2024,2,28,12,20,0,0,0,0,0,0,0,0,0,0,0,0,0,0,2,0,1.0,1,1,0,1,0,1,0,1,0,0,0,0,0,0.0,0,0,1,1
2024,2,28,12,25,0,0,0,0,0,0,0,0,0,0,0,0,0,0,0,0,1.0,1,0,0,1,0,0,0,1,0,0,0,0,0,0.0,0,0,2,0
2024,2,28,12,30,0,0,0,0,0,0,0,0,0,0,0,0,0,0,0,0,1.0,1,0,0,1,0,0,0,0,0,0,0,0,0,0.0,0,0,2,0
2024,2,28,12,35,0,0,0,0,0,0,0,0,0,0,0,1,0,0,0,0,1.0,1,0,0,1,0,0,0,0,0,0,0,0,0,0.0,0,0,1,0
2024,2,28,12,40,0,0,0,0,0,0,0,0,0,0,0,0,0,0,0,0,1.0,1,0,0,1,0,0,0,1,0,0,0,0,0,0.0,0,0,1,1
2024,2,28,12,45,0,0,0,0,0,0,0,0,0,0,0,0,0,0,0,0,1.0,1,0,0,1,0,0,0,1,0,0,0,0,0,0.0,0,0,1,1
2024,2,28,12,50,0,0,0,0,0,0,0,0,0,0,0,0,0,0,0,0,1.0,1,0,0,1,0,0,0,0,0,0,0,0,0,0.0,0,0,1,0
2024,2,28,12,55,0,0,0,0,0,0,0,0,0,0,0,0,0,0,0,0,1.0,1,0,0,1,0,0,0,1,0,0,0,0,0,0.0,0,0,1,0
2024,2,28,13,0,0,0,0,0,0,0,0,0,0,0,0,0,0,0,0,0,1.0,1,0,0,1,0,0,0,1,0,0,0,0,0,0.0,0,0,1,0
2024,2,28,13,5,0,2,0,0,0,0,0,0,0,0,0,0,0,0,0,0,1.0,1,0,1,1,0,0,1,1,0,0,0,0,0,0.0,0,0,1,1
2024,2,28,13,10,0,0,0,0,0,0,0,0,0,0,0,0,0,0,0,0,1.0,1,0,0,1,0,0,0,1,0,0,0,0,0,0.0,0,0,1,1
2024,2,28,13,15,0,0,0,0,0,0,0,0,0,0,0,0,0,0,0,0,1.0,1,0,0,1,0,0,0,1,0,0,0,0,0,0.0,0,0,2,1
2024,2,28,13,20,0,0,0,0,0,0,0,0,0,0,0,0,0,0,0,0,1.0,1,0,0,1,0,0,0,1,0,0,0,0,0,0.0,0,0,2,1
2024,2,28,13,25,0,0,0,0,0,0,0,0,0,0,0,0,0,0,0,0,1.0,1,0,0,1,0,0,0,1,0,0,0,0,0,0.0,0,0,1,0
2024,2,28,13,30,0,0,0,0,0,0,0,0,0,0,0,0,0,0,0,0,1.0,0,0,0,1,0,0,0,1,0,0,0,0,0,0.0,0,0,2,1
2024,2,28,13,35,0,0,0,0,0,0,0,0,0,0,0,0,0,0,0,0,1.0,0,0,0,1,0,0,0,0,0,0,0,0,0,0.0,0,0,1,1
2024,2,28,13,40,0,0,0,0,0,0,0,0,0,0,0,0,0,1,1,0,1.0,0,1,0,1,0,1,0,0,0,0,0,0,0,0.0,0,0,1,0
2024,2,28,13,45,0,0,0,0,0,0,0,0,0,0,0,0,0,0,0,0,1.0,0,0,0,1,0,0,0,1,0,0,0,0,0,0.0,0,0,2,0
2024,2,28,13,50,0,0,0,0,0,0,0,0,0,0,0,0,0,0,0,0,1.0,0,0,1,1,0,0,1,1,0,0,0,0,1,180.83999633789062,0,0,1,0
2024,2,28,13,55,0,0,0,0,0,0,0,0,0,0,0,0,0,0,0,0,1.0,0,0,0,1,0,0,0,1,0,0,0,0,0,0.0,0,0,2,1
2024,2,28,14,0,0,1,0,0,0,0,0,0,0,0,0,0,0,0,0,0,1.0,0,1,0,1,0,1,0,1,0,0,0,0,0,0.0,0,0,1,0
2024,2,28,14,5,0,0,0,0,0,0,0,0,0,0,0,0,0,0,0,0,1.0,0,0,0,1,0,0,0,1,0,0,0,0,0,0.0,0,0,2,0
2024,2,28,14,10,0,0,0,0,0,0,0,0,0,0,0,0,0,0,0,0,1.0,0,0,0,1,0,0,0,1,0,0,0,0,1,180.8000030517578,0,0,2,0
2024,2,28,14,15,0,0,0,0,0,0,0,0,0,0,0,0,0,0,0,0,1.0,0,0,1,1,0,0,1,1,0,0,0,0,1,180.8300018310547,0,0,1,1
2024,2,28,14,20,0,0,0,0,0,0,0,0,0,0,0,0,0,0,0,0,1.0,0,0,0,1,0,0,0,1,0,0,0,0,0,0.0,0,0,2,0
2024,2,28,14,25,0,0,0,0,0,0,0,0,0,0,0,0,0,0,0,0,1.0,0,0,0,1,0,0,0,0,0,0,0,0,1,180.8300018310547,0,0,2,0
2024,2,28,14,30,0,0,0,0,0,0,0,0,0,0,0,0,0,0,0,0,1.0,1,0,0,1,0,0,0,1,0,0,0,0,1,180.76499938964844,0,0,1,0
2024,2,28,14,35,0,0,0,0,0,0,0,0,0,0,0,0,0,0,0,0,1.0,1,0,0,1,0,0,0,1,0,0,0,0,0,0.0,0,0,2,0
2024,2,28,14,40,0,2,0,0,0,0,0,0,0,0,0,1,0,0,0,0,1.0,1,0,1,1,0,0,1,1,0,0,0,0,0,0.0,0,0,1,0
2024,2,28,14,45,0,0,0,0,0,0,0,0,0,0,0,0,0,2,2,0,1.0,1,0,0,1,0,0,0,1,0,0,0,0,0,0.0,0,0,2,1
2024,2,28,14,50,0,0,0,0,0,0,0,0,0,0,0,0,0,0,0,0,1.0,1,0,0,1,0,0,0,1,0,0,0,0,0,0.0,0,0,1,1
2024,2,28,14,55,0,0,0,0,0,0,0,0,0,0,0,0,0,0,0,0,1.0,0,0,0,1,0,0,0,1,0,0,0,0,0,0.0,0,0,1,1
2024,2,28,15,0,0,1,0,0,0,0,0,0,0,0,0,0,0,0,0,0,1.0,0,1,0,1,0,1,0,0,0,0,0,0,0,0.0,0,0,1,1
2024,2,28,15,5,0,0,0,0,0,0,0,0,0,0,0,0,0,0,0,0,1.0,0,0,0,1,0,0,0,0,0,0,0,0,0,0.0,0,0,2,0
2024,2,28,15,10,0,0,0,0,0,0,0,0,0,0,0,0,0,0,0,0,1.0,0,0,0,1,0,0,0,1,0,0,0,0,0,0.0,0,0,1,0
2024,2,28,15,15,0,0,0,0,0,0,0,0,0,0,0,0,0,0,0,0,1.0,0,0,0,1,0,0,0,1,0,0,0,0,1,180.75999450683594,0,0,1,0
2024,2,28,15,20,0,2,0,0,0,0,0,0,0,0,0,0,0,2,2,0,1.0,0,0,1,1,0,0,1,1,0,0,0,0,0,0.0,0,0,1,1
2024,2,28,15,25,0,0,0,0,0,0,0,0,0,0,0,0,0,0,0,0,1.0,0,0,0,1,0,0,0,1,0,0,0,0,0,0.0,0,0,1,1
2024,2,28,15,30,0,0,0,0,0,0,0,0,0,0,0,0,0,0,0,1,1.0,0,0,0,1,0,0,0,1,0,0,0,0,0,0.0,0,0,1,1
2024,2,28,15,35,0,0,0,0,0,0,0,0,0,0,0,0,0,0,0,1,1.0,0,0,0,1,0,0,0,1,0,0,0,0,0,0.0,0,0,2,1
2024,2,28,15,40,0,0,0,0,0,0,0,0,0,0,0,0,0,0,0,1,1.0,0,1,0,1,0,1,0,1,0,0,0,0,0,0.0,0,0,2,0
2024,2,28,15,45,0,0,0,0,0,0,0,0,0,0,0,0,0,0,0,0,1.0,0,0,0,1,0,0,0,1,0,0,0,0,0,0.0,0,0,1,0
2024,2,28,15,50,0,0,0,0,0,0,0,0,0,0,0,0,0,0,0,0,1.0,0,0,1,1,0,0,1,1,0,0,0,0,0,0.0,0,0,2,0
2024,2,28,15,55,0,0,0,0,0,0,0,0,0,0,0,0,0,0,0,1,1.0,0,0,0,1,0,0,0,1,0,0,0,0,0,0.0,0,0,2,1
2024,2,29,9,30,0,1,0,0,0,0,0,0,0,0,0,2,0,0,0,1,1.0,0,1,0,1,0,1,0,1,0,0,0,0,0,0.0,0,0,1,1
2024,2,29,9,35,0,0,0,0,0,0,0,0,0,0,0,0,0,1,1,0,1.0,0,0,0,1,0,0,0,1,0,0,0,0,0,0.0,0,0,2,0
2024,2,29,9,40,0,0,0,0,0,0,0,0,0,0,0,0,0,0,0,0,1.0,0,0,1,1,0,0,1,1,0,0,0,0,0,0.0,0,0,1,1
2024,2,29,9,45,0,0,0,0,0,0,0,0,0,0,0,2,0,0,0,0,1.0,0,0,0,1,0,0,0,1,0,0,0,0,0,0.0,0,0,2,0
2024,2,29,9,50,0,0,0,0,0,0,0,0,0,0,0,0,0,0,0,0,1.0,0,0,0,1,0,0,0,0,0,0,0,0,0,0.0,0,0,1,1
2024,2,29,9,55,0,0,0,0,0,0,0,0,0,0,0,0,0,0,0,0,1.0,0,0,0,1,0,0,0,1,0,0,0,0,0,0.0,0,0,2,0
2024,2,29,10,0,0,0,0,0,0,0,0,0,0,0,0,0,0,2,2,0,1.0,0,1,0,1,0,1,0,1,0,0,0,0,0,0.0,0,0,1,1
2024,2,29,10,5,0,0,0,0,0,0,0,0,0,0,0,0,0,0,0,0,1.0,0,0,0,1,0,0,0,1,0,0,0,0,0,0.0,0,0,2,0
2024,2,29,10,10,0,2,0,0,0,0,0,0,0,0,0,0,0,0,0,0,1.0,0,0,1,1,0,0,1,1,0,0,0,0,0,0.0,0,0,2,0
2024,2,29,10,15,0,0,0,0,0,0,0,0,0,0,0,2,0,0,0,0,1.0,0,0,0,1,0,0,0,1,0,0,0,0,0,0.0,0,0,2,1
2024,2,29,10,20,0,0,0,0,0,0,0,0,0,0,0,0,0,0,0,0,1.0,0,1,0,1,0,1,0,1,0,0,0,0,0,0.0,0,0,1,1
2024,2,29,10,25,0,0,0,0,0,0,0,0,0,0,0,0,0,0,0,0,1.0,0,0,0,1,0,0,0,1,0,0,0,0,0,0.0,0,0,2,1
2024,2,29,10,30,0,0,0,0,0,0,0,0,0,0,0,0,0,0,0,0,1.0,0,0,0,1,0,0,0,0,0,0,0,0,0,0.0,0,0,1,1
2024,2,29,10,35,0,0,0,0,0,0,0,0,0,0,0,0,0,1,1,0,1.0,0,0,0,1,0,0,0,0,0,0,0,0,0,0.0,0,0,2,0
2024,2,29,10,40,0,0,0,0,0,0,0,0,0,0,0,0,0,0,0,0,1.0,1,0,0,1,0,0,0,1,0,0,0,0,0,0.0,0,0,2,0
2024,2,29,10,45,0,0,0,0,0,0,0,0,0,0,0,0,0,0,0,0,1.0,1,0,0,1,0,0,0,1,0,0,0,0,0,0.0,0,0,1,1
2024,2,29,10,50,0,0,0,0,0,0,0,0,0,0,0,0,0,1,1,0,1.0,1,0,0,1,0,0,0,0,0,0,0,0,0,0.0,0,0,2,0
2024,2,29,10,55,0,0,0,0,0,0,0,0,0,0,0,0,0,0,0,0,1.0,1,0,0,1,0,0,0,0,0,0,0,0,0,0.0,0,0,2,1
2024,2,29,11,0,0,0,0,0,0,0,0,0,0,0,0,0,0,1,1,0,1.0,1,0,0,1,0,0,0,0,0,0,0,0,0,0.0,0,0,2,0
2024,2,29,11,5,0,0,0,0,0,0,0,0,0,0,0,0,0,0,0,0,1.0,1,0,0,1,0,0,0,1,0,0,0,0,0,0.0,0,0,1,0
2024,2,29,11,10,0,0,0,0,0,0,0,0,0,0,0,0,0,0,0,0,1.0,1,0,0,1,0,0,0,1,0,0,0,0,0,0.0,0,0,2,0
2024,2,29,11,15,0,0,0,0,0,0,0,0,0,0,0,0,0,0,0,0,1.0,1,0,0,1,0,0,0,1,0,0,0,0,0,0.0,0,0,2,0
2024,2,29,11,20,0,0,0,0,0,0,0,0,0,0,0,0,0,0,0,0,1.0,1,0,0,1,0,0,0,0,0,0,0,0,0,0.0,0,0,1,0
2024,2,29,11,25,0,0,0,0,0,0,0,0,0,0,0,0,0,0,0,0,1.0,1,1,0,1,0,1,0,1,0,0,0,0,0,0.0,0,0,1,0
2024,2,29,11,30,0,0,0,0,0,0,0,0,0,0,0,0,0,0,0,0,1.0,1,0,0,1,0,0,0,1,0,0,0,0,0,0.0,0,0,2,0
2024,2,29,11,35,0,0,0,0,0,0,0,0,0,0,0,1,0,0,0,0,1.0,1,0,0,1,0,0,0,1,0,0,0,0,0,0.0,0,0,2,0
2024,2,29,11,40,0,2,0,0,0,0,0,0,0,0,0,1,0,0,0,0,1.0,1,0,1,1,0,0,1,1,0,0,0,0,0,0.0,0,0,2,1
2024,2,29,11,45,0,0,0,0,0,0,0,0,0,0,0,0,0,0,0,0,1.0,1,0,0,1,0,0,0,0,0,0,0,0,0,0.0,0,0,2,1
2024,2,29,11,50,0,0,0,0,0,0,0,0,0,0,0,0,0,0,0,0,1.0,1,0,0,1,0,0,0,0,0,0,0,0,0,0.0,0,0,1,1
2024,2,29,11,55,0,0,0,0,0,0,0,0,0,0,0,0,0,0,0,0,1.0,1,0,0,1,0,0,0,0,0,0,0,0,0,0.0,0,0,2,0
2024,2,29,12,0,0,0,0,0,0,0,0,0,0,0,0,0,0,0,2,0,1.0,1,1,0,1,0,1,0,1,0,0,0,0,0,0.0,0,0,2,1
2024,2,29,12,5,0,0,0,0,0,0,0,0,0,0,0,1,0,0,0,0,1.0,1,0,0,1,0,0,0,1,0,0,0,0,0,0.0,0,0,2,0
2024,2,29,12,10,0,0,0,0,0,0,0,0,0,0,0,0,0,0,2,0,1.0,1,0,0,1,0,0,0,0,0,0,0,0,0,0.0,0,0,2,1
2024,2,29,12,15,0,0,0,0,0,0,0,0,0,0,0,0,0,1,1,0,1.0,1,0,0,1,0,0,0,1,0,0,0,0,0,0.0,0,0,2,0
2024,2,29,12,20,0,0,0,0,0,0,0,0,0,0,0,0,0,0,0,0,1.0,1,0,0,1,0,0,0,1,0,0,0,0,0,0.0,0,0,2,0
2024,2,29,12,25,0,0,0,0,0,0,0,0,0,0,0,0,0,0,0,0,1.0,1,0,0,1,0,0,0,1,0,0,0,0,0,0.0,0,0,2,0
2024,2,29,12,30,0,0,0,0,0,0,0,0,0,0,0,0,0,0,0,0,1.0,1,0,0,1,0,0,0,1,0,0,0,0,0,0.0,0,0,2,0
2024,2,29,12,35,0,2,0,0,0,0,0,0,0,0,0,0,0,0,0,0,1.0,1,0,1,1,0,0,1,1,0,0,0,0,0,0.0,0,0,2,1
2024,2,29,12,40,0,0,0,0,0,0,0,0,0,0,0,0,0,0,0,0,1.0,1,0,0,1,0,0,0,1,0,0,0,0,0,0.0,0,0,2,0
2024,2,29,12,45,0,0,0,0,0,0,0,0,0,0,0,0,0,0,0,0,1.0,1,0,0,1,0,0,0,1,0,0,0,0,0,0.0,0,0,1,1
2024,2,29,12,50,0,0,0,0,0,0,0,0,0,0,0,0,0,0,0,0,1.0,0,0,0,1,0,0,0,1,0,0,0,0,0,0.0,0,0,1,1
2024,2,29,12,55,0,0,0,0,0,0,0,0,0,0,0,0,0,0,0,0,1.0,0,0,0,1,0,0,0,1,0,0,0,0,0,0.0,0,0,1,1
2024,2,29,13,0,0,0,0,0,0,0,0,0,0,0,0,0,0,0,0,0,1.0,0,0,0,1,0,0,0,1,0,0,0,0,0,0.0,0,0,1,1
2024,2,29,13,5,0,1,0,0,0,0,0,0,0,0,0,0,0,0,0,0,1.0,0,1,0,1,0,1,0,1,0,0,0,0,0,0.0,0,0,1,0
2024,2,29,13,10,0,0,0,0,0,0,0,0,0,0,0,0,0,2,2,1,1.0,0,0,0,1,0,0,0,1,0,0,0,0,0,0.0,0,0,2,1
2024,2,29,13,15,0,0,0,0,0,0,0,0,0,0,0,0,0,0,0,0,1.0,0,0,0,1,0,0,0,1,0,0,0,0,0,0.0,0,0,2,0
2024,2,29,13,20,0,0,0,0,0,0,0,0,0,0,0,0,0,0,0,0,1.0,0,1,0,1,0,1,0,1,0,0,0,0,0,0.0,0,0,2,0
2024,2,29,13,25,0,0,0,0,0,0,0,0,0,0,0,0,0,0,0,0,1.0,0,0,0,1,0,0,0,0,0,0,0,0,0,0.0,0,0,2,0
2024,2,29,13,30,0,0,0,0,0,0,0,0,0,0,0,0,0,0,0,0,1.0,0,0,0,1,0,0,0,1,0,0,0,0,0,0.0,0,0,2,0
2024,2,29,13,35,0,0,0,0,0,0,0,0,0,0,0,1,0,0,0,0,1.0,0,0,0,1,0,0,0,1,0,0,0,0,1,180.41000366210938,0,0,2,0
2024,2,29,13,40,0,0,0,0,0,0,0,0,0,0,0,1,0,0,0,0,1.0,1,0,0,1,0,0,0,1,0,0,0,0,1,180.32000732421875,0,0,2,0
2024,2,29,13,45,0,2,0,0,0,0,0,0,0,0,0,0,0,0,0,0,1.0,1,0,1,1,0,0,1,1,0,0,0,0,0,0.0,0,0,2,0
2024,2,29,13,50,0,0,0,0,0,0,0,0,0,0,0,0,0,2,2,0,1.0,1,0,0,1,0,0,0,1,0,0,0,0,0,0.0,0,0,2,1
2024,2,29,13,55,0,0,0,0,0,0,0,0,0,0,0,0,0,0,0,0,1.0,1,0,0,1,0,0,0,0,0,0,0,0,0,0.0,0,0,2,1
2024,2,29,14,0,0,0,0,0,0,0,0,0,0,0,0,0,0,0,0,0,1.0,1,0,0,1,0,0,0,0,0,0,0,0,0,0.0,0,0,2,1
2024,2,29,14,5,0,0,0,0,0,0,0,0,0,0,0,0,0,0,0,0,1.0,0,0,0,1,0,0,0,1,0,0,0,0,0,0.0,0,0,1,1
2024,2,29,14,10,0,0,0,0,0,0,0,0,0,0,0,0,0,0,0,0,1.0,0,0,0,1,0,0,0,1,0,0,0,0,0,0.0,0,0,2,0
2024,2,29,14,15,0,1,0,0,0,0,0,0,0,0,0,0,0,0,2,0,1.0,0,1,0,1,0,1,0,1,0,0,0,0,0,0.0,0,0,1,1
2024,2,29,14,20,0,0,0,0,0,0,0,0,0,0,0,0,0,1,1,0,1.0,0,0,0,1,0,0,0,0,0,0,0,0,0,0.0,0,0,1,0
2024,2,29,14,25,0,0,0,0,0,0,0,0,0,0,0,0,0,0,0,0,1.0,1,0,1,1,0,0,1,0,0,0,0,0,1,180.47999572753906,0,0,1,0
2024,2,29,14,30,0,0,0,0,0,0,0,0,0,0,0,0,0,0,0,0,1.0,1,0,0,1,0,0,0,0,0,0,0,0,1,180.25999450683594,0,0,1,1
2024,2,29,14,35,0,0,0,0,0,0,0,0,0,0,0,0,0,0,0,0,1.0,1,0,0,1,0,0,0,0,0,0,0,0,0,0.0,0,0,2,0
2024,2,29,14,40,0,0,0,0,0,0,0,0,0,0,0,0,0,0,0,0,1.0,1,0,0,1,0,0,0,1,0,0,0,0,1,180.2100067138672,0,0,2,0
2024,2,29,14,45,0,2,0,0,0,0,0,0,0,0,0,1,0,0,0,0,1.0,1,0,1,1,0,0,1,1,0,0,0,0,0,0.0,0,0,1,1
2024,2,29,14,50,0,0,0,0,0,0,0,0,0,0,0,0,0,0,0,0,1.0,1,0,0,1,0,0,0,0,0,0,0,0,0,0.0,0,0,2,1
2024,2,29,14,55,0,0,0,0,0,0,0,0,0,0,0,0,0,0,0,0,1.0,0,0,0,1,0,0,0,0,0,0,0,0,0,0.0,0,0,1,1
2024,2,29,15,0,0,0,0,0,0,0,0,0,0,0,0,0,0,0,0,0,1.0,0,0,0,1,0,0,0,1,0,0,0,0,0,0.0,0,0,1,1
2024,2,29,15,5,0,0,0,0,0,0,0,0,0,0,0,0,0,0,0,0,1.0,0,0,0,1,0,0,0,1,0,0,0,0,0,0.0,0,0,2,1
2024,2,29,15,10,0,0,0,0,0,0,0,0,0,0,0,0,0,0,0,0,1.0,0,0,0,1,0,0,0,1,0,0,0,0,0,0.0,0,0,2,0
2024,2,29,15,15,0,0,0,0,0,0,0,0,0,0,0,0,0,0,0,0,1.0,0,0,1,1,0,0,1,1,0,0,0,0,0,0.0,0,0,2,1
2024,2,29,15,20,0,0,0,0,0,0,0,0,0,0,0,0,0,0,0,0,1.0,0,0,0,1,0,0,0,1,0,0,0,0,0,0.0,0,0,1,1
2024,2,29,15,25,0,0,0,0,0,0,0,0,0,0,0,0,0,0,0,1,1.0,0,1,0,1,0,1,0,1,0,0,0,0,0,0.0,0,0,1,1
2024,2,29,15,30,0,0,0,0,0,0,0,0,0,0,0,0,0,0,0,0,1.0,0,0,0,1,0,0,0,1,0,0,0,0,0,0.0,0,0,2,0
2024,2,29,15,35,0,0,0,0,0,0,0,0,0,0,0,0,0,0,0,0,1.0,0,0,0,1,0,0,0,1,0,0,0,0,0,0.0,0,0,1,0
2024,2,29,15,40,0,0,0,0,0,0,0,0,0,0,0,0,0,0,0,0,1.0,1,0,0,1,0,0,0,1,0,0,0,0,0,0.0,0,0,2,0
2024,2,29,15,45,0,0,0,0,0,0,0,0,0,0,0,0,0,0,0,0,1.0,1,0,0,1,0,0,0,1,0,0,0,0,1,180.5800018310547,0,0,2,0
2024,2,29,15,50,0,0,0,0,0,0,0,0,0,0,0,1,0,0,0,0,1.0,1,0,0,1,0,0,0,1,0,0,0,0,1,181.11000061035156,0,0,2,0
2024,2,29,15,55,0,0,0,0,0,0,0,0,0,0,0,0,0,0,2,1,1.0,0,0,0,1,0,0,0,1,0,0,0,0,0,0.0,0,0,2,1
